tipo,marca,modelo,anio,precio,caracteristica
CAMIONETA,Chevrolet,Silverado,2005,24500,650
AUTOMOVIL,Nissan,Versa,2016,16102,4
AUTOMOVIL,Chevrolet,Cruze,2006,13089,5
CAMIONETA,Toyota,Tacoma,2017,28691,791
AUTOMOVIL,Honda,Civic,2007,13678,4
AUTOMOVIL,Kia,Cerato,2018,17280,5
CAMIONETA,Chevrolet,Silverado,2008,26267,932
AUTOMOVIL,Nissan,Versa,2019,17869,4
AUTOMOVIL,Chevrolet,Cruze,2009,14856,5
CAMIONETA,Toyota,Tacoma,2020,30458,1073
AUTOMOVIL,Honda,Civic,2010,15445,4
AUTOMOVIL,Kia,Cerato,2021,19047,5
CAMIONETA,Chevrolet,Silverado,2011,28034,1214
AUTOMOVIL,Nissan,Versa,2022,19636,4
AUTOMOVIL,Chevrolet,Cruze,2012,16623,5
CAMIONETA,Toyota,Tacoma,2023,32225,1355
AUTOMOVIL,Honda,Civic,2013,17212,4
AUTOMOVIL,Kia,Cerato,2024,20814,5
CAMIONETA,Chevrolet,Silverado,2014,29801,1496
AUTOMOVIL,Nissan,Versa,2025,21403,4
AUTOMOVIL,Chevrolet,Cruze,2015,18390,5
CAMIONETA,Toyota,Tacoma,2005,27377,1637
AUTOMOVIL,Honda,Civic,2016,18979,4
AUTOMOVIL,Kia,Cerato,2006,15966,5
CAMIONETA,Chevrolet,Silverado,2017,31568,1778
AUTOMOVIL,Nissan,Versa,2007,16555,4
AUTOMOVIL,Chevrolet,Cruze,2018,20157,5
CAMIONETA,Toyota,Tacoma,2008,29144,769
AUTOMOVIL,Honda,Civic,2019,20746,4
AUTOMOVIL,Kia,Cerato,2009,17733,5
CAMIONETA,Chevrolet,Silverado,2020,33335,910
AUTOMOVIL,Nissan,Versa,2010,18322,4
AUTOMOVIL,Chevrolet,Cruze,2021,21924,5
CAMIONETA,Toyota,Tacoma,2011,30911,1051
AUTOMOVIL,Honda,Civic,2022,22513,4
AUTOMOVIL,Kia,Cerato,2012,19500,5
CAMIONETA,Chevrolet,Silverado,2023,35102,1192
AUTOMOVIL,Nissan,Versa,2013,20089,4
AUTOMOVIL,Chevrolet,Cruze,2024,23691,5
CAMIONETA,Toyota,Tacoma,2014,32678,1333
AUTOMOVIL,Honda,Civic,2025,24280,4
AUTOMOVIL,Kia,Cerato,2015,21267,5
CAMIONETA,Chevrolet,Silverado,2005,30254,1474
AUTOMOVIL,Nissan,Versa,2016,21856,4
AUTOMOVIL,Chevrolet,Cruze,2006,18843,5
CAMIONETA,Toyota,Tacoma,2017,34445,1615
AUTOMOVIL,Honda,Civic,2007,19432,4
AUTOMOVIL,Kia,Cerato,2018,23034,5
CAMIONETA,Chevrolet,Silverado,2008,32021,1756
AUTOMOVIL,Nissan,Versa,2019,23623,4
AUTOMOVIL,Chevrolet,Cruze,2009,20610,5
CAMIONETA,Toyota,Tacoma,2020,36212,747
AUTOMOVIL,Honda,Civic,2010,21199,4
AUTOMOVIL,Kia,Cerato,2021,24801,5
CAMIONETA,Chevrolet,Silverado,2011,33788,888
AUTOMOVIL,Nissan,Versa,2022,25390,4
AUTOMOVIL,Chevrolet,Cruze,2012,22377,5
CAMIONETA,Toyota,Tacoma,2023,37979,1029
AUTOMOVIL,Honda,Civic,2013,22966,4
AUTOMOVIL,Kia,Cerato,2024,26568,5
CAMIONETA,Chevrolet,Silverado,2014,35555,1170
AUTOMOVIL,Nissan,Versa,2025,27157,4
AUTOMOVIL,Chevrolet,Cruze,2015,24144,5
CAMIONETA,Toyota,Tacoma,2005,33131,1311
AUTOMOVIL,Honda,Civic,2016,24733,4
AUTOMOVIL,Kia,Cerato,2006,21720,5
CAMIONETA,Chevrolet,Silverado,2017,37322,1452
AUTOMOVIL,Nissan,Versa,2007,22309,4
AUTOMOVIL,Chevrolet,Cruze,2018,25911,5
CAMIONETA,Toyota,Tacoma,2008,34898,1593
AUTOMOVIL,Honda,Civic,2019,26500,4
AUTOMOVIL,Kia,Cerato,2009,23487,5
CAMIONETA,Chevrolet,Silverado,2020,39089,1734
AUTOMOVIL,Nissan,Versa,2010,24076,4
AUTOMOVIL,Chevrolet,Cruze,2021,27678,5
CAMIONETA,Toyota,Tacoma,2011,36665,725
AUTOMOVIL,Honda,Civic,2022,28267,4
AUTOMOVIL,Kia,Cerato,2012,25254,5
CAMIONETA,Chevrolet,Silverado,2023,40856,866
AUTOMOVIL,Nissan,Versa,2013,25843,4
AUTOMOVIL,Chevrolet,Cruze,2024,29445,5
CAMIONETA,Toyota,Tacoma,2014,38432,1007
AUTOMOVIL,Honda,Civic,2025,30034,4
AUTOMOVIL,Kia,Cerato,2015,27021,5
CAMIONETA,Chevrolet,Silverado,2005,36008,1148
AUTOMOVIL,Nissan,Versa,2016,27610,4
AUTOMOVIL,Chevrolet,Cruze,2006,24597,5
CAMIONETA,Toyota,Tacoma,2017,40199,1289
AUTOMOVIL,Honda,Civic,2007,25186,4
AUTOMOVIL,Kia,Cerato,2018,28788,5
CAMIONETA,Chevrolet,Silverado,2008,37775,1430
AUTOMOVIL,Nissan,Versa,2019,29377,4
AUTOMOVIL,Chevrolet,Cruze,2009,26364,5
CAMIONETA,Toyota,Tacoma,2020,41966,1571
AUTOMOVIL,Honda,Civic,2010,26953,4
AUTOMOVIL,Kia,Cerato,2021,30555,5
CAMIONETA,Chevrolet,Silverado,2011,39542,1712
AUTOMOVIL,Nissan,Versa,2022,31144,4
AUTOMOVIL,Chevrolet,Cruze,2012,28131,5
CAMIONETA,Toyota,Tacoma,2023,43733,703
AUTOMOVIL,Honda,Civic,2013,28720,4
AUTOMOVIL,Kia,Cerato,2024,32322,5
CAMIONETA,Chevrolet,Silverado,2014,41309,844
AUTOMOVIL,Nissan,Versa,2025,32911,4
AUTOMOVIL,Chevrolet,Cruze,2015,29898,5
CAMIONETA,Toyota,Tacoma,2005,38885,985
AUTOMOVIL,Honda,Civic,2016,30487,4
AUTOMOVIL,Kia,Cerato,2006,27474,5
CAMIONETA,Chevrolet,Silverado,2017,43076,1126
AUTOMOVIL,Nissan,Versa,2007,28063,4
AUTOMOVIL,Chevrolet,Cruze,2018,31665,5
CAMIONETA,Toyota,Tacoma,2008,40652,1267
AUTOMOVIL,Honda,Civic,2019,32254,4
AUTOMOVIL,Kia,Cerato,2009,29241,5
CAMIONETA,Chevrolet,Silverado,2020,44843,1408
AUTOMOVIL,Nissan,Versa,2010,29830,4
AUTOMOVIL,Chevrolet,Cruze,2021,33432,5
CAMIONETA,Toyota,Tacoma,2011,42419,1549
AUTOMOVIL,Honda,Civic,2022,34021,4
AUTOMOVIL,Kia,Cerato,2012,31008,5
CAMIONETA,Chevrolet,Silverado,2023,46610,1690
AUTOMOVIL,Nissan,Versa,2013,31597,4
AUTOMOVIL,Chevrolet,Cruze,2024,35199,5
CAMIONETA,Toyota,Tacoma,2014,44186,681
AUTOMOVIL,Honda,Civic,2025,35788,4
AUTOMOVIL,Kia,Cerato,2015,32775,5
CAMIONETA,Chevrolet,Silverado,2005,41762,822
AUTOMOVIL,Nissan,Versa,2016,33364,4
AUTOMOVIL,Chevrolet,Cruze,2006,30351,5
CAMIONETA,Toyota,Tacoma,2017,45953,963
AUTOMOVIL,Honda,Civic,2007,30940,4
AUTOMOVIL,Kia,Cerato,2018,34542,5
CAMIONETA,Chevrolet,Silverado,2008,43529,1104
AUTOMOVIL,Nissan,Versa,2019,35131,4
AUTOMOVIL,Chevrolet,Cruze,2009,32118,5
CAMIONETA,Toyota,Tacoma,2020,47720,1245
AUTOMOVIL,Honda,Civic,2010,32707,4
AUTOMOVIL,Kia,Cerato,2021,36309,5
CAMIONETA,Chevrolet,Silverado,2011,45296,1386
AUTOMOVIL,Nissan,Versa,2022,36898,4
AUTOMOVIL,Chevrolet,Cruze,2012,33885,5
CAMIONETA,Toyota,Tacoma,2023,49487,1527
AUTOMOVIL,Honda,Civic,2013,34474,4
AUTOMOVIL,Kia,Cerato,2024,38076,5
CAMIONETA,Chevrolet,Silverado,2014,47063,1668
AUTOMOVIL,Nissan,Versa,2025,38665,4
AUTOMOVIL,Chevrolet,Cruze,2015,35652,5
CAMIONETA,Toyota,Tacoma,2005,44639,659
AUTOMOVIL,Honda,Civic,2016,36241,4
AUTOMOVIL,Kia,Cerato,2006,33228,5
CAMIONETA,Chevrolet,Silverado,2017,48830,800
AUTOMOVIL,Nissan,Versa,2007,33817,4
AUTOMOVIL,Chevrolet,Cruze,2018,37419,5
CAMIONETA,Toyota,Tacoma,2008,46406,941
AUTOMOVIL,Honda,Civic,2019,38008,4
AUTOMOVIL,Kia,Cerato,2009,34995,5
CAMIONETA,Chevrolet,Silverado,2020,50597,1082
AUTOMOVIL,Nissan,Versa,2010,35584,4
AUTOMOVIL,Chevrolet,Cruze,2021,39186,5
CAMIONETA,Toyota,Tacoma,2011,48173,1223
AUTOMOVIL,Honda,Civic,2022,39775,4
AUTOMOVIL,Kia,Cerato,2012,36762,5
CAMIONETA,Chevrolet,Silverado,2023,52364,1364
AUTOMOVIL,Nissan,Versa,2013,37351,4
AUTOMOVIL,Chevrolet,Cruze,2024,40953,5
CAMIONETA,Toyota,Tacoma,2014,49940,1505
AUTOMOVIL,Honda,Civic,2025,41542,4
AUTOMOVIL,Kia,Cerato,2015,38529,5
CAMIONETA,Chevrolet,Silverado,2005,47516,1646
AUTOMOVIL,Nissan,Versa,2016,39118,4
AUTOMOVIL,Chevrolet,Cruze,2006,36105,5
CAMIONETA,Toyota,Tacoma,2017,51707,1787
AUTOMOVIL,Honda,Civic,2007,36694,4
AUTOMOVIL,Kia,Cerato,2018,40296,5
CAMIONETA,Chevrolet,Silverado,2008,49283,778
AUTOMOVIL,Nissan,Versa,2019,40885,4
AUTOMOVIL,Chevrolet,Cruze,2009,37872,5
CAMIONETA,Toyota,Tacoma,2020,53474,919
AUTOMOVIL,Honda,Civic,2010,38461,4
AUTOMOVIL,Kia,Cerato,2021,42063,5
CAMIONETA,Chevrolet,Silverado,2011,51050,1060
AUTOMOVIL,Nissan,Versa,2022,42652,4
AUTOMOVIL,Chevrolet,Cruze,2012,39639,5
CAMIONETA,Toyota,Tacoma,2023,55241,1201
AUTOMOVIL,Honda,Civic,2013,40228,4
AUTOMOVIL,Kia,Cerato,2024,43830,5
CAMIONETA,Chevrolet,Silverado,2014,52817,1342
AUTOMOVIL,Nissan,Versa,2025,44419,4
AUTOMOVIL,Chevrolet,Cruze,2015,41406,5
CAMIONETA,Toyota,Tacoma,2005,50393,1483
AUTOMOVIL,Honda,Civic,2016,41995,4
AUTOMOVIL,Kia,Cerato,2006,38982,5
CAMIONETA,Chevrolet,Silverado,2017,54584,1624
AUTOMOVIL,Nissan,Versa,2007,39571,4
AUTOMOVIL,Chevrolet,Cruze,2018,43173,5
CAMIONETA,Toyota,Tacoma,2008,52160,1765
AUTOMOVIL,Honda,Civic,2019,43762,4
AUTOMOVIL,Kia,Cerato,2009,40749,5
CAMIONETA,Chevrolet,Silverado,2020,56351,756
AUTOMOVIL,Nissan,Versa,2010,41338,4
AUTOMOVIL,Chevrolet,Cruze,2021,44940,5
CAMIONETA,Toyota,Tacoma,2011,53927,897
AUTOMOVIL,Honda,Civic,2022,45529,4
AUTOMOVIL,Kia,Cerato,2012,42516,5
CAMIONETA,Chevrolet,Silverado,2023,58118,1038
AUTOMOVIL,Nissan,Versa,2013,43105,4
AUTOMOVIL,Chevrolet,Cruze,2024,46707,5
CAMIONETA,Toyota,Tacoma,2014,55694,1179
AUTOMOVIL,Honda,Civic,2025,47296,4
AUTOMOVIL,Kia,Cerato,2015,44283,5
CAMIONETA,Chevrolet,Silverado,2005,53270,1320
AUTOMOVIL,Nissan,Versa,2016,44872,4
AUTOMOVIL,Chevrolet,Cruze,2006,41859,5
CAMIONETA,Toyota,Tacoma,2017,57461,1461
AUTOMOVIL,Honda,Civic,2007,42448,4
AUTOMOVIL,Kia,Cerato,2018,46050,5
CAMIONETA,Chevrolet,Silverado,2008,55037,1602
AUTOMOVIL,Nissan,Versa,2019,46639,4
AUTOMOVIL,Chevrolet,Cruze,2009,43626,5
CAMIONETA,Toyota,Tacoma,2020,59228,1743
AUTOMOVIL,Honda,Civic,2010,44215,4
AUTOMOVIL,Kia,Cerato,2021,47817,5
CAMIONETA,Chevrolet,Silverado,2011,56804,734
AUTOMOVIL,Nissan,Versa,2022,48406,4
AUTOMOVIL,Chevrolet,Cruze,2012,45393,5
CAMIONETA,Toyota,Tacoma,2023,60995,875
AUTOMOVIL,Honda,Civic,2013,45982,4
AUTOMOVIL,Kia,Cerato,2024,49584,5
CAMIONETA,Chevrolet,Silverado,2014,58571,1016
AUTOMOVIL,Nissan,Versa,2025,50173,4
AUTOMOVIL,Chevrolet,Cruze,2015,47160,5
CAMIONETA,Toyota,Tacoma,2005,56147,1157
AUTOMOVIL,Honda,Civic,2016,47749,4
AUTOMOVIL,Kia,Cerato,2006,44736,5
CAMIONETA,Chevrolet,Silverado,2017,60338,1298
AUTOMOVIL,Nissan,Versa,2007,45325,4
AUTOMOVIL,Chevrolet,Cruze,2018,48927,5
CAMIONETA,Toyota,Tacoma,2008,57914,1439
AUTOMOVIL,Honda,Civic,2019,49516,4
AUTOMOVIL,Kia,Cerato,2009,46503,5
CAMIONETA,Chevrolet,Silverado,2020,62105,1580
AUTOMOVIL,Nissan,Versa,2010,47092,4
AUTOMOVIL,Chevrolet,Cruze,2021,50694,5
CAMIONETA,Toyota,Tacoma,2011,59681,1721
AUTOMOVIL,Honda,Civic,2022,51283,4
AUTOMOVIL,Kia,Cerato,2012,48270,5
CAMIONETA,Chevrolet,Silverado,2023,63872,712
AUTOMOVIL,Nissan,Versa,2013,48859,4
AUTOMOVIL,Chevrolet,Cruze,2024,52461,5
CAMIONETA,Toyota,Tacoma,2014,61448,853
AUTOMOVIL,Honda,Civic,2025,53050,4
AUTOMOVIL,Kia,Cerato,2015,50037,5
CAMIONETA,Chevrolet,Silverado,2005,59024,994
AUTOMOVIL,Nissan,Versa,2016,50626,4
AUTOMOVIL,Chevrolet,Cruze,2006,47613,5
CAMIONETA,Toyota,Tacoma,2017,63215,1135
AUTOMOVIL,Honda,Civic,2007,48202,4
AUTOMOVIL,Kia,Cerato,2018,51804,5
CAMIONETA,Chevrolet,Silverado,2008,60791,1276
AUTOMOVIL,Nissan,Versa,2019,52393,4
AUTOMOVIL,Chevrolet,Cruze,2009,49380,5
CAMIONETA,Toyota,Tacoma,2020,64982,1417
AUTOMOVIL,Honda,Civic,2010,49969,4
AUTOMOVIL,Kia,Cerato,2021,53571,5
CAMIONETA,Chevrolet,Silverado,2011,62558,1558
AUTOMOVIL,Nissan,Versa,2022,54160,4
AUTOMOVIL,Chevrolet,Cruze,2012,51147,5
CAMIONETA,Toyota,Tacoma,2023,66749,1699
AUTOMOVIL,Honda,Civic,2013,51736,4
AUTOMOVIL,Kia,Cerato,2024,55338,5
CAMIONETA,Chevrolet,Silverado,2014,64325,690
AUTOMOVIL,Nissan,Versa,2025,55927,4
AUTOMOVIL,Chevrolet,Cruze,2015,52914,5
CAMIONETA,Toyota,Tacoma,2005,61901,831
AUTOMOVIL,Honda,Civic,2016,53503,4
AUTOMOVIL,Kia,Cerato,2006,50490,5
CAMIONETA,Chevrolet,Silverado,2017,66092,972
AUTOMOVIL,Nissan,Versa,2007,51079,4
AUTOMOVIL,Chevrolet,Cruze,2018,54681,5
CAMIONETA,Toyota,Tacoma,2008,63668,1113
AUTOMOVIL,Honda,Civic,2019,55270,4
AUTOMOVIL,Kia,Cerato,2009,52257,5
CAMIONETA,Chevrolet,Silverado,2020,67859,1254
AUTOMOVIL,Nissan,Versa,2010,52846,4
AUTOMOVIL,Chevrolet,Cruze,2021,56448,5
CAMIONETA,Toyota,Tacoma,2011,65435,1395
AUTOMOVIL,Honda,Civic,2022,57037,4
AUTOMOVIL,Kia,Cerato,2012,54024,5
CAMIONETA,Chevrolet,Silverado,2023,69626,1536
AUTOMOVIL,Nissan,Versa,2013,54613,4
AUTOMOVIL,Chevrolet,Cruze,2024,58215,5
CAMIONETA,Toyota,Tacoma,2014,67202,1677
AUTOMOVIL,Honda,Civic,2025,58804,4
AUTOMOVIL,Kia,Cerato,2015,55791,5
CAMIONETA,Chevrolet,Silverado,2005,64778,668
AUTOMOVIL,Nissan,Versa,2016,56380,4
AUTOMOVIL,Chevrolet,Cruze,2006,53367,5
CAMIONETA,Toyota,Tacoma,2017,68969,809
AUTOMOVIL,Honda,Civic,2007,53956,4
AUTOMOVIL,Kia,Cerato,2018,57558,5
CAMIONETA,Chevrolet,Silverado,2008,66545,950
AUTOMOVIL,Nissan,Versa,2019,58147,4
AUTOMOVIL,Chevrolet,Cruze,2009,55134,5
CAMIONETA,Toyota,Tacoma,2020,70736,1091
AUTOMOVIL,Honda,Civic,2010,55723,4
AUTOMOVIL,Kia,Cerato,2021,59325,5
CAMIONETA,Chevrolet,Silverado,2011,68312,1232
AUTOMOVIL,Nissan,Versa,2022,17914,4
AUTOMOVIL,Chevrolet,Cruze,2012,14901,5
CAMIONETA,Toyota,Tacoma,2023,30503,1373
AUTOMOVIL,Honda,Civic,2013,15490,4
AUTOMOVIL,Kia,Cerato,2024,19092,5
CAMIONETA,Chevrolet,Silverado,2014,28079,1514
AUTOMOVIL,Nissan,Versa,2025,19681,4
AUTOMOVIL,Chevrolet,Cruze,2015,16668,5
CAMIONETA,Toyota,Tacoma,2005,25655,1655
AUTOMOVIL,Honda,Civic,2016,17257,4
AUTOMOVIL,Kia,Cerato,2006,14244,5
CAMIONETA,Chevrolet,Silverado,2017,29846,1796
AUTOMOVIL,Nissan,Versa,2007,14833,4
AUTOMOVIL,Chevrolet,Cruze,2018,18435,5
CAMIONETA,Toyota,Tacoma,2008,27422,787
AUTOMOVIL,Honda,Civic,2019,19024,4
AUTOMOVIL,Kia,Cerato,2009,16011,5
CAMIONETA,Chevrolet,Silverado,2020,31613,928
AUTOMOVIL,Nissan,Versa,2010,16600,4
AUTOMOVIL,Chevrolet,Cruze,2021,20202,5
CAMIONETA,Toyota,Tacoma,2011,29189,1069
AUTOMOVIL,Honda,Civic,2022,20791,4
AUTOMOVIL,Kia,Cerato,2012,17778,5
CAMIONETA,Chevrolet,Silverado,2023,33380,1210
AUTOMOVIL,Nissan,Versa,2013,18367,4
AUTOMOVIL,Chevrolet,Cruze,2024,21969,5
CAMIONETA,Toyota,Tacoma,2014,30956,1351
AUTOMOVIL,Honda,Civic,2025,22558,4
AUTOMOVIL,Kia,Cerato,2015,19545,5
CAMIONETA,Chevrolet,Silverado,2005,28532,1492
AUTOMOVIL,Nissan,Versa,2016,20134,4
AUTOMOVIL,Chevrolet,Cruze,2006,17121,5
CAMIONETA,Toyota,Tacoma,2017,32723,1633
AUTOMOVIL,Honda,Civic,2007,17710,4
AUTOMOVIL,Kia,Cerato,2018,21312,5
CAMIONETA,Chevrolet,Silverado,2008,30299,1774
AUTOMOVIL,Nissan,Versa,2019,21901,4
AUTOMOVIL,Chevrolet,Cruze,2009,18888,5
CAMIONETA,Toyota,Tacoma,2020,34490,765
AUTOMOVIL,Honda,Civic,2010,19477,4
AUTOMOVIL,Kia,Cerato,2021,23079,5
CAMIONETA,Chevrolet,Silverado,2011,32066,906
AUTOMOVIL,Nissan,Versa,2022,23668,4
AUTOMOVIL,Chevrolet,Cruze,2012,20655,5
CAMIONETA,Toyota,Tacoma,2023,36257,1047
AUTOMOVIL,Honda,Civic,2013,21244,4
AUTOMOVIL,Kia,Cerato,2024,24846,5
CAMIONETA,Chevrolet,Silverado,2014,33833,1188
AUTOMOVIL,Nissan,Versa,2025,25435,4
AUTOMOVIL,Chevrolet,Cruze,2015,22422,5
CAMIONETA,Toyota,Tacoma,2005,31409,1329
AUTOMOVIL,Honda,Civic,2016,23011,4
AUTOMOVIL,Kia,Cerato,2006,19998,5
CAMIONETA,Chevrolet,Silverado,2017,35600,1470
AUTOMOVIL,Nissan,Versa,2007,20587,4
AUTOMOVIL,Chevrolet,Cruze,2018,24189,5
CAMIONETA,Toyota,Tacoma,2008,33176,1611
AUTOMOVIL,Honda,Civic,2019,24778,4
AUTOMOVIL,Kia,Cerato,2009,21765,5
CAMIONETA,Chevrolet,Silverado,2020,37367,1752
AUTOMOVIL,Nissan,Versa,2010,22354,4
AUTOMOVIL,Chevrolet,Cruze,2021,25956,5
CAMIONETA,Toyota,Tacoma,2011,34943,743
AUTOMOVIL,Honda,Civic,2022,26545,4
AUTOMOVIL,Kia,Cerato,2012,23532,5
CAMIONETA,Chevrolet,Silverado,2023,39134,884
AUTOMOVIL,Nissan,Versa,2013,24121,4
AUTOMOVIL,Chevrolet,Cruze,2024,27723,5
CAMIONETA,Toyota,Tacoma,2014,36710,1025
AUTOMOVIL,Honda,Civic,2025,28312,4
AUTOMOVIL,Kia,Cerato,2015,25299,5
CAMIONETA,Chevrolet,Silverado,2005,34286,1166
AUTOMOVIL,Nissan,Versa,2016,25888,4
AUTOMOVIL,Chevrolet,Cruze,2006,22875,5
CAMIONETA,Toyota,Tacoma,2017,38477,1307
AUTOMOVIL,Honda,Civic,2007,23464,4
AUTOMOVIL,Kia,Cerato,2018,27066,5
CAMIONETA,Chevrolet,Silverado,2008,36053,1448
AUTOMOVIL,Nissan,Versa,2019,27655,4
AUTOMOVIL,Chevrolet,Cruze,2009,24642,5
CAMIONETA,Toyota,Tacoma,2020,40244,1589
AUTOMOVIL,Honda,Civic,2010,25231,4
AUTOMOVIL,Kia,Cerato,2021,28833,5
CAMIONETA,Chevrolet,Silverado,2011,37820,1730
AUTOMOVIL,Nissan,Versa,2022,29422,4
AUTOMOVIL,Chevrolet,Cruze,2012,26409,5
CAMIONETA,Toyota,Tacoma,2023,42011,721
AUTOMOVIL,Honda,Civic,2013,26998,4
AUTOMOVIL,Kia,Cerato,2024,30600,5
CAMIONETA,Chevrolet,Silverado,2014,39587,862
AUTOMOVIL,Nissan,Versa,2025,31189,4
AUTOMOVIL,Chevrolet,Cruze,2015,28176,5
CAMIONETA,Toyota,Tacoma,2005,37163,1003
AUTOMOVIL,Honda,Civic,2016,28765,4
AUTOMOVIL,Kia,Cerato,2006,25752,5
CAMIONETA,Chevrolet,Silverado,2017,41354,1144
AUTOMOVIL,Nissan,Versa,2007,26341,4
AUTOMOVIL,Chevrolet,Cruze,2018,29943,5
CAMIONETA,Toyota,Tacoma,2008,38930,1285
AUTOMOVIL,Honda,Civic,2019,30532,4
AUTOMOVIL,Kia,Cerato,2009,27519,5
CAMIONETA,Chevrolet,Silverado,2020,43121,1426
AUTOMOVIL,Nissan,Versa,2010,28108,4
AUTOMOVIL,Chevrolet,Cruze,2021,31710,5
CAMIONETA,Toyota,Tacoma,2011,40697,1567
AUTOMOVIL,Honda,Civic,2022,32299,4
AUTOMOVIL,Kia,Cerato,2012,29286,5
CAMIONETA,Chevrolet,Silverado,2023,44888,1708
AUTOMOVIL,Nissan,Versa,2013,29875,4
AUTOMOVIL,Chevrolet,Cruze,2024,33477,5
CAMIONETA,Toyota,Tacoma,2014,42464,699
AUTOMOVIL,Honda,Civic,2025,34066,4
AUTOMOVIL,Kia,Cerato,2015,31053,5
CAMIONETA,Chevrolet,Silverado,2005,40040,840
AUTOMOVIL,Nissan,Versa,2016,31642,4
AUTOMOVIL,Chevrolet,Cruze,2006,28629,5
CAMIONETA,Toyota,Tacoma,2017,44231,981
AUTOMOVIL,Honda,Civic,2007,29218,4
AUTOMOVIL,Kia,Cerato,2018,32820,5
CAMIONETA,Chevrolet,Silverado,2008,41807,1122
AUTOMOVIL,Nissan,Versa,2019,33409,4
AUTOMOVIL,Chevrolet,Cruze,2009,30396,5
CAMIONETA,Toyota,Tacoma,2020,45998,1263
AUTOMOVIL,Honda,Civic,2010,30985,4
AUTOMOVIL,Kia,Cerato,2021,34587,5
CAMIONETA,Chevrolet,Silverado,2011,43574,1404
AUTOMOVIL,Nissan,Versa,2022,35176,4
AUTOMOVIL,Chevrolet,Cruze,2012,32163,5
CAMIONETA,Toyota,Tacoma,2023,47765,1545
AUTOMOVIL,Honda,Civic,2013,32752,4
AUTOMOVIL,Kia,Cerato,2024,36354,5
CAMIONETA,Chevrolet,Silverado,2014,45341,1686
AUTOMOVIL,Nissan,Versa,2025,36943,4
AUTOMOVIL,Chevrolet,Cruze,2015,33930,5
CAMIONETA,Toyota,Tacoma,2005,42917,677
AUTOMOVIL,Honda,Civic,2016,34519,4
AUTOMOVIL,Kia,Cerato,2006,31506,5
CAMIONETA,Chevrolet,Silverado,2017,47108,818
AUTOMOVIL,Nissan,Versa,2007,32095,4
AUTOMOVIL,Chevrolet,Cruze,2018,35697,5
CAMIONETA,Toyota,Tacoma,2008,44684,959
AUTOMOVIL,Honda,Civic,2019,36286,4
AUTOMOVIL,Kia,Cerato,2009,33273,5
CAMIONETA,Chevrolet,Silverado,2020,48875,1100
AUTOMOVIL,Nissan,Versa,2010,33862,4
AUTOMOVIL,Chevrolet,Cruze,2021,37464,5
CAMIONETA,Toyota,Tacoma,2011,46451,1241
AUTOMOVIL,Honda,Civic,2022,38053,4
AUTOMOVIL,Kia,Cerato,2012,35040,5
CAMIONETA,Chevrolet,Silverado,2023,50642,1382
AUTOMOVIL,Nissan,Versa,2013,35629,4
AUTOMOVIL,Chevrolet,Cruze,2024,39231,5
CAMIONETA,Toyota,Tacoma,2014,48218,1523
AUTOMOVIL,Honda,Civic,2025,39820,4
AUTOMOVIL,Kia,Cerato,2015,36807,5
CAMIONETA,Chevrolet,Silverado,2005,45794,1664
AUTOMOVIL,Nissan,Versa,2016,37396,4
AUTOMOVIL,Chevrolet,Cruze,2006,34383,5
CAMIONETA,Toyota,Tacoma,2017,49985,655
AUTOMOVIL,Honda,Civic,2007,34972,4
AUTOMOVIL,Kia,Cerato,2018,38574,5
CAMIONETA,Chevrolet,Silverado,2008,47561,796
AUTOMOVIL,Nissan,Versa,2019,39163,4
AUTOMOVIL,Chevrolet,Cruze,2009,36150,5
CAMIONETA,Toyota,Tacoma,2020,51752,937
AUTOMOVIL,Honda,Civic,2010,36739,4
AUTOMOVIL,Kia,Cerato,2021,40341,5
CAMIONETA,Chevrolet,Silverado,2011,49328,1078
AUTOMOVIL,Nissan,Versa,2022,40930,4
AUTOMOVIL,Chevrolet,Cruze,2012,37917,5
CAMIONETA,Toyota,Tacoma,2023,53519,1219
AUTOMOVIL,Honda,Civic,2013,38506,4
AUTOMOVIL,Kia,Cerato,2024,42108,5
CAMIONETA,Chevrolet,Silverado,2014,51095,1360
AUTOMOVIL,Nissan,Versa,2025,42697,4
AUTOMOVIL,Chevrolet,Cruze,2015,39684,5
CAMIONETA,Toyota,Tacoma,2005,48671,1501
AUTOMOVIL,Honda,Civic,2016,40273,4
AUTOMOVIL,Kia,Cerato,2006,37260,5
CAMIONETA,Chevrolet,Silverado,2017,52862,1642
AUTOMOVIL,Nissan,Versa,2007,37849,4
AUTOMOVIL,Chevrolet,Cruze,2018,41451,5
CAMIONETA,Toyota,Tacoma,2008,50438,1783
AUTOMOVIL,Honda,Civic,2019,42040,4
AUTOMOVIL,Kia,Cerato,2009,39027,5
CAMIONETA,Chevrolet,Silverado,2020,54629,774
AUTOMOVIL,Nissan,Versa,2010,39616,4
AUTOMOVIL,Chevrolet,Cruze,2021,43218,5
CAMIONETA,Toyota,Tacoma,2011,52205,915
AUTOMOVIL,Honda,Civic,2022,43807,4
AUTOMOVIL,Kia,Cerato,2012,40794,5
CAMIONETA,Chevrolet,Silverado,2023,56396,1056
AUTOMOVIL,Nissan,Versa,2013,41383,4
AUTOMOVIL,Chevrolet,Cruze,2024,44985,5
CAMIONETA,Toyota,Tacoma,2014,53972,1197
AUTOMOVIL,Honda,Civic,2025,45574,4
AUTOMOVIL,Kia,Cerato,2015,42561,5
CAMIONETA,Chevrolet,Silverado,2005,51548,1338
AUTOMOVIL,Nissan,Versa,2016,43150,4
AUTOMOVIL,Chevrolet,Cruze,2006,40137,5
CAMIONETA,Toyota,Tacoma,2017,55739,1479
AUTOMOVIL,Honda,Civic,2007,40726,4
AUTOMOVIL,Kia,Cerato,2018,44328,5
CAMIONETA,Chevrolet,Silverado,2008,53315,1620
AUTOMOVIL,Nissan,Versa,2019,44917,4
AUTOMOVIL,Chevrolet,Cruze,2009,41904,5
CAMIONETA,Toyota,Tacoma,2020,57506,1761
AUTOMOVIL,Honda,Civic,2010,42493,4
AUTOMOVIL,Kia,Cerato,2021,46095,5
CAMIONETA,Chevrolet,Silverado,2011,55082,752
AUTOMOVIL,Nissan,Versa,2022,46684,4
AUTOMOVIL,Chevrolet,Cruze,2012,43671,5
CAMIONETA,Toyota,Tacoma,2023,59273,893
AUTOMOVIL,Honda,Civic,2013,44260,4
AUTOMOVIL,Kia,Cerato,2024,47862,5
CAMIONETA,Chevrolet,Silverado,2014,56849,1034
AUTOMOVIL,Nissan,Versa,2025,48451,4
AUTOMOVIL,Chevrolet,Cruze,2015,45438,5
CAMIONETA,Toyota,Tacoma,2005,54425,1175
AUTOMOVIL,Honda,Civic,2016,46027,4
AUTOMOVIL,Kia,Cerato,2006,43014,5
CAMIONETA,Chevrolet,Silverado,2017,58616,1316
AUTOMOVIL,Nissan,Versa,2007,43603,4
AUTOMOVIL,Chevrolet,Cruze,2018,47205,5
CAMIONETA,Toyota,Tacoma,2008,56192,1457
AUTOMOVIL,Honda,Civic,2019,47794,4
AUTOMOVIL,Kia,Cerato,2009,44781,5
CAMIONETA,Chevrolet,Silverado,2020,60383,1598
AUTOMOVIL,Nissan,Versa,2010,45370,4
AUTOMOVIL,Chevrolet,Cruze,2021,48972,5
CAMIONETA,Toyota,Tacoma,2011,57959,1739
AUTOMOVIL,Honda,Civic,2022,49561,4
AUTOMOVIL,Kia,Cerato,2012,46548,5
CAMIONETA,Chevrolet,Silverado,2023,62150,730
AUTOMOVIL,Nissan,Versa,2013,47137,4
AUTOMOVIL,Chevrolet,Cruze,2024,50739,5
CAMIONETA,Toyota,Tacoma,2014,59726,871
AUTOMOVIL,Honda,Civic,2025,51328,4
AUTOMOVIL,Kia,Cerato,2015,48315,5
CAMIONETA,Chevrolet,Silverado,2005,57302,1012
AUTOMOVIL,Nissan,Versa,2016,48904,4
AUTOMOVIL,Chevrolet,Cruze,2006,45891,5
CAMIONETA,Toyota,Tacoma,2017,61493,1153
AUTOMOVIL,Honda,Civic,2007,46480,4
AUTOMOVIL,Kia,Cerato,2018,50082,5
CAMIONETA,Chevrolet,Silverado,2008,59069,1294
AUTOMOVIL,Nissan,Versa,2019,50671,4
AUTOMOVIL,Chevrolet,Cruze,2009,47658,5
CAMIONETA,Toyota,Tacoma,2020,63260,1435
AUTOMOVIL,Honda,Civic,2010,48247,4
AUTOMOVIL,Kia,Cerato,2021,51849,5
CAMIONETA,Chevrolet,Silverado,2011,60836,1576
AUTOMOVIL,Nissan,Versa,2022,52438,4
AUTOMOVIL,Chevrolet,Cruze,2012,49425,5
CAMIONETA,Toyota,Tacoma,2023,65027,1717
AUTOMOVIL,Honda,Civic,2013,50014,4
AUTOMOVIL,Kia,Cerato,2024,53616,5
CAMIONETA,Chevrolet,Silverado,2014,62603,708
AUTOMOVIL,Nissan,Versa,2025,54205,4
AUTOMOVIL,Chevrolet,Cruze,2015,51192,5
CAMIONETA,Toyota,Tacoma,2005,60179,849
AUTOMOVIL,Honda,Civic,2016,51781,4
AUTOMOVIL,Kia,Cerato,2006,48768,5
CAMIONETA,Chevrolet,Silverado,2017,64370,990
AUTOMOVIL,Nissan,Versa,2007,49357,4
AUTOMOVIL,Chevrolet,Cruze,2018,52959,5
CAMIONETA,Toyota,Tacoma,2008,61946,1131
AUTOMOVIL,Honda,Civic,2019,53548,4
AUTOMOVIL,Kia,Cerato,2009,50535,5
CAMIONETA,Chevrolet,Silverado,2020,66137,1272
AUTOMOVIL,Nissan,Versa,2010,51124,4
AUTOMOVIL,Chevrolet,Cruze,2021,54726,5
CAMIONETA,Toyota,Tacoma,2011,63713,1413
AUTOMOVIL,Honda,Civic,2022,55315,4
AUTOMOVIL,Kia,Cerato,2012,52302,5
CAMIONETA,Chevrolet,Silverado,2023,67904,1554
AUTOMOVIL,Nissan,Versa,2013,52891,4
AUTOMOVIL,Chevrolet,Cruze,2024,56493,5
CAMIONETA,Toyota,Tacoma,2014,65480,1695
AUTOMOVIL,Honda,Civic,2025,57082,4
AUTOMOVIL,Kia,Cerato,2015,54069,5
CAMIONETA,Chevrolet,Silverado,2005,63056,686
AUTOMOVIL,Nissan,Versa,2016,54658,4
AUTOMOVIL,Chevrolet,Cruze,2006,51645,5
CAMIONETA,Toyota,Tacoma,2017,67247,827
AUTOMOVIL,Honda,Civic,2007,52234,4
AUTOMOVIL,Kia,Cerato,2018,55836,5
CAMIONETA,Chevrolet,Silverado,2008,64823,968
AUTOMOVIL,Nissan,Versa,2019,56425,4
AUTOMOVIL,Chevrolet,Cruze,2009,53412,5
CAMIONETA,Toyota,Tacoma,2020,69014,1109
AUTOMOVIL,Honda,Civic,2010,54001,4
AUTOMOVIL,Kia,Cerato,2021,57603,5
CAMIONETA,Chevrolet,Silverado,2011,66590,1250
AUTOMOVIL,Nissan,Versa,2022,58192,4
AUTOMOVIL,Chevrolet,Cruze,2012,55179,5
CAMIONETA,Toyota,Tacoma,2023,70781,1391
AUTOMOVIL,Honda,Civic,2013,55768,4
AUTOMOVIL,Kia,Cerato,2024,59370,5
CAMIONETA,Chevrolet,Silverado,2014,68357,1532
AUTOMOVIL,Nissan,Versa,2025,59959,4
AUTOMOVIL,Chevrolet,Cruze,2015,56946,5
CAMIONETA,Toyota,Tacoma,2005,65933,1673
AUTOMOVIL,Honda,Civic,2016,57535,4
AUTOMOVIL,Kia,Cerato,2006,54522,5
CAMIONETA,Chevrolet,Silverado,2017,70124,664
AUTOMOVIL,Nissan,Versa,2007,55111,4
AUTOMOVIL,Chevrolet,Cruze,2018,16713,5
CAMIONETA,Toyota,Tacoma,2008,25700,805
AUTOMOVIL,Honda,Civic,2019,17302,4
AUTOMOVIL,Kia,Cerato,2009,14289,5
CAMIONETA,Chevrolet,Silverado,2020,29891,946
AUTOMOVIL,Nissan,Versa,2010,14878,4
AUTOMOVIL,Chevrolet,Cruze,2021,18480,5
CAMIONETA,Toyota,Tacoma,2011,27467,1087
AUTOMOVIL,Honda,Civic,2022,19069,4
AUTOMOVIL,Kia,Cerato,2012,16056,5
CAMIONETA,Chevrolet,Silverado,2023,31658,1228
AUTOMOVIL,Nissan,Versa,2013,16645,4
AUTOMOVIL,Chevrolet,Cruze,2024,20247,5
CAMIONETA,Toyota,Tacoma,2014,29234,1369
AUTOMOVIL,Honda,Civic,2025,20836,4
AUTOMOVIL,Kia,Cerato,2015,17823,5
CAMIONETA,Chevrolet,Silverado,2005,26810,1510
AUTOMOVIL,Nissan,Versa,2016,18412,4
AUTOMOVIL,Chevrolet,Cruze,2006,15399,5
CAMIONETA,Toyota,Tacoma,2017,31001,1651
AUTOMOVIL,Honda,Civic,2007,15988,4
AUTOMOVIL,Kia,Cerato,2018,19590,5
CAMIONETA,Chevrolet,Silverado,2008,28577,1792
AUTOMOVIL,Nissan,Versa,2019,20179,4
AUTOMOVIL,Chevrolet,Cruze,2009,17166,5
CAMIONETA,Toyota,Tacoma,2020,32768,783
AUTOMOVIL,Honda,Civic,2010,17755,4
AUTOMOVIL,Kia,Cerato,2021,21357,5
CAMIONETA,Chevrolet,Silverado,2011,30344,924
AUTOMOVIL,Nissan,Versa,2022,21946,4
AUTOMOVIL,Chevrolet,Cruze,2012,18933,5
CAMIONETA,Toyota,Tacoma,2023,34535,1065
AUTOMOVIL,Honda,Civic,2013,19522,4
AUTOMOVIL,Kia,Cerato,2024,23124,5
CAMIONETA,Chevrolet,Silverado,2014,32111,1206
AUTOMOVIL,Nissan,Versa,2025,23713,4
AUTOMOVIL,Chevrolet,Cruze,2015,20700,5
CAMIONETA,Toyota,Tacoma,2005,29687,1347
AUTOMOVIL,Honda,Civic,2016,21289,4
AUTOMOVIL,Kia,Cerato,2006,18276,5
CAMIONETA,Chevrolet,Silverado,2017,33878,1488
AUTOMOVIL,Nissan,Versa,2007,18865,4
AUTOMOVIL,Chevrolet,Cruze,2018,22467,5
CAMIONETA,Toyota,Tacoma,2008,31454,1629
AUTOMOVIL,Honda,Civic,2019,23056,4
AUTOMOVIL,Kia,Cerato,2009,20043,5
CAMIONETA,Chevrolet,Silverado,2020,35645,1770
AUTOMOVIL,Nissan,Versa,2010,20632,4
AUTOMOVIL,Chevrolet,Cruze,2021,24234,5
CAMIONETA,Toyota,Tacoma,2011,33221,761
AUTOMOVIL,Honda,Civic,2022,24823,4
AUTOMOVIL,Kia,Cerato,2012,21810,5
CAMIONETA,Chevrolet,Silverado,2023,37412,902
AUTOMOVIL,Nissan,Versa,2013,22399,4
AUTOMOVIL,Chevrolet,Cruze,2024,26001,5
CAMIONETA,Toyota,Tacoma,2014,34988,1043
AUTOMOVIL,Honda,Civic,2025,26590,4
AUTOMOVIL,Kia,Cerato,2015,23577,5
CAMIONETA,Chevrolet,Silverado,2005,32564,1184
AUTOMOVIL,Nissan,Versa,2016,24166,4
AUTOMOVIL,Chevrolet,Cruze,2006,21153,5
CAMIONETA,Toyota,Tacoma,2017,36755,1325
AUTOMOVIL,Honda,Civic,2007,21742,4
AUTOMOVIL,Kia,Cerato,2018,25344,5
CAMIONETA,Chevrolet,Silverado,2008,34331,1466
AUTOMOVIL,Nissan,Versa,2019,25933,4
AUTOMOVIL,Chevrolet,Cruze,2009,22920,5
CAMIONETA,Toyota,Tacoma,2020,38522,1607
AUTOMOVIL,Honda,Civic,2010,23509,4
AUTOMOVIL,Kia,Cerato,2021,27111,5
CAMIONETA,Chevrolet,Silverado,2011,36098,1748
AUTOMOVIL,Nissan,Versa,2022,27700,4
AUTOMOVIL,Chevrolet,Cruze,2012,24687,5
CAMIONETA,Toyota,Tacoma,2023,40289,739
AUTOMOVIL,Honda,Civic,2013,25276,4
AUTOMOVIL,Kia,Cerato,2024,28878,5
CAMIONETA,Chevrolet,Silverado,2014,37865,880
AUTOMOVIL,Nissan,Versa,2025,29467,4
AUTOMOVIL,Chevrolet,Cruze,2015,26454,5
CAMIONETA,Toyota,Tacoma,2005,35441,1021
AUTOMOVIL,Honda,Civic,2016,27043,4
AUTOMOVIL,Kia,Cerato,2006,24030,5
CAMIONETA,Chevrolet,Silverado,2017,39632,1162
AUTOMOVIL,Nissan,Versa,2007,24619,4
AUTOMOVIL,Chevrolet,Cruze,2018,28221,5
CAMIONETA,Toyota,Tacoma,2008,37208,1303
AUTOMOVIL,Honda,Civic,2019,28810,4
AUTOMOVIL,Kia,Cerato,2009,25797,5
CAMIONETA,Chevrolet,Silverado,2020,41399,1444
AUTOMOVIL,Nissan,Versa,2010,26386,4
AUTOMOVIL,Chevrolet,Cruze,2021,29988,5
CAMIONETA,Toyota,Tacoma,2011,38975,1585
AUTOMOVIL,Honda,Civic,2022,30577,4
AUTOMOVIL,Kia,Cerato,2012,27564,5
CAMIONETA,Chevrolet,Silverado,2023,43166,1726
AUTOMOVIL,Nissan,Versa,2013,28153,4
AUTOMOVIL,Chevrolet,Cruze,2024,31755,5
CAMIONETA,Toyota,Tacoma,2014,40742,717
AUTOMOVIL,Honda,Civic,2025,32344,4
AUTOMOVIL,Kia,Cerato,2015,29331,5
CAMIONETA,Chevrolet,Silverado,2005,38318,858
AUTOMOVIL,Nissan,Versa,2016,29920,4
AUTOMOVIL,Chevrolet,Cruze,2006,26907,5
CAMIONETA,Toyota,Tacoma,2017,42509,999
AUTOMOVIL,Honda,Civic,2007,27496,4
AUTOMOVIL,Kia,Cerato,2018,31098,5
CAMIONETA,Chevrolet,Silverado,2008,40085,1140
AUTOMOVIL,Nissan,Versa,2019,31687,4
AUTOMOVIL,Chevrolet,Cruze,2009,28674,5
CAMIONETA,Toyota,Tacoma,2020,44276,1281
AUTOMOVIL,Honda,Civic,2010,29263,4
AUTOMOVIL,Kia,Cerato,2021,32865,5
CAMIONETA,Chevrolet,Silverado,2011,41852,1422
AUTOMOVIL,Nissan,Versa,2022,33454,4
AUTOMOVIL,Chevrolet,Cruze,2012,30441,5
CAMIONETA,Toyota,Tacoma,2023,46043,1563
AUTOMOVIL,Honda,Civic,2013,31030,4
AUTOMOVIL,Kia,Cerato,2024,34632,5
CAMIONETA,Chevrolet,Silverado,2014,43619,1704
AUTOMOVIL,Nissan,Versa,2025,35221,4
AUTOMOVIL,Chevrolet,Cruze,2015,32208,5
CAMIONETA,Toyota,Tacoma,2005,41195,695
AUTOMOVIL,Honda,Civic,2016,32797,4
AUTOMOVIL,Kia,Cerato,2006,29784,5
CAMIONETA,Chevrolet,Silverado,2017,45386,836
AUTOMOVIL,Nissan,Versa,2007,30373,4
AUTOMOVIL,Chevrolet,Cruze,2018,33975,5
CAMIONETA,Toyota,Tacoma,2008,42962,977
AUTOMOVIL,Honda,Civic,2019,34564,4
AUTOMOVIL,Kia,Cerato,2009,31551,5
CAMIONETA,Chevrolet,Silverado,2020,47153,1118
AUTOMOVIL,Nissan,Versa,2010,32140,4
AUTOMOVIL,Chevrolet,Cruze,2021,35742,5
CAMIONETA,Toyota,Tacoma,2011,44729,1259
AUTOMOVIL,Honda,Civic,2022,36331,4
AUTOMOVIL,Kia,Cerato,2012,33318,5
CAMIONETA,Chevrolet,Silverado,2023,48920,1400
AUTOMOVIL,Nissan,Versa,2013,33907,4
AUTOMOVIL,Chevrolet,Cruze,2024,37509,5
CAMIONETA,Toyota,Tacoma,2014,46496,1541
AUTOMOVIL,Honda,Civic,2025,38098,4
AUTOMOVIL,Kia,Cerato,2015,35085,5
CAMIONETA,Chevrolet,Silverado,2005,44072,1682
AUTOMOVIL,Nissan,Versa,2016,35674,4
AUTOMOVIL,Chevrolet,Cruze,2006,32661,5
CAMIONETA,Toyota,Tacoma,2017,48263,673
AUTOMOVIL,Honda,Civic,2007,33250,4
AUTOMOVIL,Kia,Cerato,2018,36852,5
CAMIONETA,Chevrolet,Silverado,2008,45839,814
AUTOMOVIL,Nissan,Versa,2019,37441,4
AUTOMOVIL,Chevrolet,Cruze,2009,34428,5
CAMIONETA,Toyota,Tacoma,2020,50030,955
AUTOMOVIL,Honda,Civic,2010,35017,4
AUTOMOVIL,Kia,Cerato,2021,38619,5
CAMIONETA,Chevrolet,Silverado,2011,47606,1096
AUTOMOVIL,Nissan,Versa,2022,39208,4
AUTOMOVIL,Chevrolet,Cruze,2012,36195,5
CAMIONETA,Toyota,Tacoma,2023,51797,1237
AUTOMOVIL,Honda,Civic,2013,36784,4
AUTOMOVIL,Kia,Cerato,2024,40386,5
CAMIONETA,Chevrolet,Silverado,2014,49373,1378
AUTOMOVIL,Nissan,Versa,2025,40975,4
AUTOMOVIL,Chevrolet,Cruze,2015,37962,5
CAMIONETA,Toyota,Tacoma,2005,46949,1519
AUTOMOVIL,Honda,Civic,2016,38551,4
AUTOMOVIL,Kia,Cerato,2006,35538,5
CAMIONETA,Chevrolet,Silverado,2017,51140,1660
AUTOMOVIL,Nissan,Versa,2007,36127,4
AUTOMOVIL,Chevrolet,Cruze,2018,39729,5
CAMIONETA,Toyota,Tacoma,2008,48716,651
AUTOMOVIL,Honda,Civic,2019,40318,4
AUTOMOVIL,Kia,Cerato,2009,37305,5
CAMIONETA,Chevrolet,Silverado,2020,52907,792
AUTOMOVIL,Nissan,Versa,2010,37894,4
AUTOMOVIL,Chevrolet,Cruze,2021,41496,5
CAMIONETA,Toyota,Tacoma,2011,50483,933
AUTOMOVIL,Honda,Civic,2022,42085,4
AUTOMOVIL,Kia,Cerato,2012,39072,5
CAMIONETA,Chevrolet,Silverado,2023,54674,1074
AUTOMOVIL,Nissan,Versa,2013,39661,4
AUTOMOVIL,Chevrolet,Cruze,2024,43263,5
CAMIONETA,Toyota,Tacoma,2014,52250,1215
AUTOMOVIL,Honda,Civic,2025,43852,4
AUTOMOVIL,Kia,Cerato,2015,40839,5
CAMIONETA,Chevrolet,Silverado,2005,49826,1356
AUTOMOVIL,Nissan,Versa,2016,41428,4
AUTOMOVIL,Chevrolet,Cruze,2006,38415,5
CAMIONETA,Toyota,Tacoma,2017,54017,1497
AUTOMOVIL,Honda,Civic,2007,39004,4
AUTOMOVIL,Kia,Cerato,2018,42606,5
CAMIONETA,Chevrolet,Silverado,2008,51593,1638
AUTOMOVIL,Nissan,Versa,2019,43195,4
AUTOMOVIL,Chevrolet,Cruze,2009,40182,5
CAMIONETA,Toyota,Tacoma,2020,55784,1779
AUTOMOVIL,Honda,Civic,2010,40771,4
AUTOMOVIL,Kia,Cerato,2021,44373,5
CAMIONETA,Chevrolet,Silverado,2011,53360,770
AUTOMOVIL,Nissan,Versa,2022,44962,4
AUTOMOVIL,Chevrolet,Cruze,2012,41949,5
CAMIONETA,Toyota,Tacoma,2023,57551,911
AUTOMOVIL,Honda,Civic,2013,42538,4
AUTOMOVIL,Kia,Cerato,2024,46140,5
CAMIONETA,Chevrolet,Silverado,2014,55127,1052
AUTOMOVIL,Nissan,Versa,2025,46729,4
AUTOMOVIL,Chevrolet,Cruze,2015,43716,5
CAMIONETA,Toyota,Tacoma,2005,52703,1193
AUTOMOVIL,Honda,Civic,2016,44305,4
AUTOMOVIL,Kia,Cerato,2006,41292,5
CAMIONETA,Chevrolet,Silverado,2017,56894,1334
AUTOMOVIL,Nissan,Versa,2007,41881,4
AUTOMOVIL,Chevrolet,Cruze,2018,45483,5
CAMIONETA,Toyota,Tacoma,2008,54470,1475
AUTOMOVIL,Honda,Civic,2019,46072,4
AUTOMOVIL,Kia,Cerato,2009,43059,5
CAMIONETA,Chevrolet,Silverado,2020,58661,1616
AUTOMOVIL,Nissan,Versa,2010,43648,4
AUTOMOVIL,Chevrolet,Cruze,2021,47250,5
CAMIONETA,Toyota,Tacoma,2011,56237,1757
AUTOMOVIL,Honda,Civic,2022,47839,4
AUTOMOVIL,Kia,Cerato,2012,44826,5
CAMIONETA,Chevrolet,Silverado,2023,60428,748
AUTOMOVIL,Nissan,Versa,2013,45415,4
AUTOMOVIL,Chevrolet,Cruze,2024,49017,5
CAMIONETA,Toyota,Tacoma,2014,58004,889
AUTOMOVIL,Honda,Civic,2025,49606,4
AUTOMOVIL,Kia,Cerato,2015,46593,5
CAMIONETA,Chevrolet,Silverado,2005,55580,1030
AUTOMOVIL,Nissan,Versa,2016,47182,4
AUTOMOVIL,Chevrolet,Cruze,2006,44169,5
CAMIONETA,Toyota,Tacoma,2017,59771,1171
AUTOMOVIL,Honda,Civic,2007,44758,4
AUTOMOVIL,Kia,Cerato,2018,48360,5
CAMIONETA,Chevrolet,Silverado,2008,57347,1312
AUTOMOVIL,Nissan,Versa,2019,48949,4
AUTOMOVIL,Chevrolet,Cruze,2009,45936,5
CAMIONETA,Toyota,Tacoma,2020,61538,1453
AUTOMOVIL,Honda,Civic,2010,46525,4
AUTOMOVIL,Kia,Cerato,2021,50127,5
CAMIONETA,Chevrolet,Silverado,2011,59114,1594
AUTOMOVIL,Nissan,Versa,2022,50716,4
AUTOMOVIL,Chevrolet,Cruze,2012,47703,5
CAMIONETA,Toyota,Tacoma,2023,63305,1735
AUTOMOVIL,Honda,Civic,2013,48292,4
AUTOMOVIL,Kia,Cerato,2024,51894,5
CAMIONETA,Chevrolet,Silverado,2014,60881,726
AUTOMOVIL,Nissan,Versa,2025,52483,4
AUTOMOVIL,Chevrolet,Cruze,2015,49470,5
CAMIONETA,Toyota,Tacoma,2005,58457,867
AUTOMOVIL,Honda,Civic,2016,50059,4
AUTOMOVIL,Kia,Cerato,2006,47046,5
CAMIONETA,Chevrolet,Silverado,2017,62648,1008
AUTOMOVIL,Nissan,Versa,2007,47635,4
AUTOMOVIL,Chevrolet,Cruze,2018,51237,5
CAMIONETA,Toyota,Tacoma,2008,60224,1149
AUTOMOVIL,Honda,Civic,2019,51826,4
AUTOMOVIL,Kia,Cerato,2009,48813,5
CAMIONETA,Chevrolet,Silverado,2020,64415,1290
AUTOMOVIL,Nissan,Versa,2010,49402,4
AUTOMOVIL,Chevrolet,Cruze,2021,53004,5
CAMIONETA,Toyota,Tacoma,2011,61991,1431
AUTOMOVIL,Honda,Civic,2022,53593,4
AUTOMOVIL,Kia,Cerato,2012,50580,5
CAMIONETA,Chevrolet,Silverado,2023,66182,1572
AUTOMOVIL,Nissan,Versa,2013,51169,4
AUTOMOVIL,Chevrolet,Cruze,2024,54771,5
CAMIONETA,Toyota,Tacoma,2014,63758,1713
AUTOMOVIL,Honda,Civic,2025,55360,4
AUTOMOVIL,Kia,Cerato,2015,52347,5
CAMIONETA,Chevrolet,Silverado,2005,61334,704
AUTOMOVIL,Nissan,Versa,2016,52936,4
AUTOMOVIL,Chevrolet,Cruze,2006,49923,5
CAMIONETA,Toyota,Tacoma,2017,65525,845
AUTOMOVIL,Honda,Civic,2007,50512,4
AUTOMOVIL,Kia,Cerato,2018,54114,5
CAMIONETA,Chevrolet,Silverado,2008,63101,986
AUTOMOVIL,Nissan,Versa,2019,54703,4
AUTOMOVIL,Chevrolet,Cruze,2009,51690,5
CAMIONETA,Toyota,Tacoma,2020,67292,1127
AUTOMOVIL,Honda,Civic,2010,52279,4
AUTOMOVIL,Kia,Cerato,2021,55881,5
CAMIONETA,Chevrolet,Silverado,2011,64868,1268
AUTOMOVIL,Nissan,Versa,2022,56470,4
AUTOMOVIL,Chevrolet,Cruze,2012,53457,5
CAMIONETA,Toyota,Tacoma,2023,69059,1409
AUTOMOVIL,Honda,Civic,2013,54046,4
AUTOMOVIL,Kia,Cerato,2024,57648,5
CAMIONETA,Chevrolet,Silverado,2014,66635,1550
AUTOMOVIL,Nissan,Versa,2025,58237,4
AUTOMOVIL,Chevrolet,Cruze,2015,55224,5
CAMIONETA,Toyota,Tacoma,2005,64211,1691
AUTOMOVIL,Honda,Civic,2016,55813,4
AUTOMOVIL,Kia,Cerato,2006,52800,5
CAMIONETA,Chevrolet,Silverado,2017,68402,682
AUTOMOVIL,Nissan,Versa,2007,53389,4
AUTOMOVIL,Chevrolet,Cruze,2018,56991,5
CAMIONETA,Toyota,Tacoma,2008,65978,823
AUTOMOVIL,Honda,Civic,2019,57580,4
AUTOMOVIL,Kia,Cerato,2009,54567,5
CAMIONETA,Chevrolet,Silverado,2020,70169,964
AUTOMOVIL,Nissan,Versa,2010,55156,4
AUTOMOVIL,Chevrolet,Cruze,2021,58758,5
CAMIONETA,Toyota,Tacoma,2011,67745,1105
AUTOMOVIL,Honda,Civic,2022,59347,4
AUTOMOVIL,Kia,Cerato,2012,56334,5
CAMIONETA,Chevrolet,Silverado,2023,71936,1246
AUTOMOVIL,Nissan,Versa,2013,56923,4
AUTOMOVIL,Chevrolet,Cruze,2024,18525,5
CAMIONETA,Toyota,Tacoma,2014,27512,1387
AUTOMOVIL,Honda,Civic,2025,19114,4
AUTOMOVIL,Kia,Cerato,2015,16101,5
CAMIONETA,Chevrolet,Silverado,2005,25088,1528
AUTOMOVIL,Nissan,Versa,2016,16690,4
AUTOMOVIL,Chevrolet,Cruze,2006,13677,5
CAMIONETA,Toyota,Tacoma,2017,29279,1669
AUTOMOVIL,Honda,Civic,2007,14266,4
AUTOMOVIL,Kia,Cerato,2018,17868,5
CAMIONETA,Chevrolet,Silverado,2008,26855,660
AUTOMOVIL,Nissan,Versa,2019,18457,4
AUTOMOVIL,Chevrolet,Cruze,2009,15444,5
CAMIONETA,Toyota,Tacoma,2020,31046,801
AUTOMOVIL,Honda,Civic,2010,16033,4
AUTOMOVIL,Kia,Cerato,2021,19635,5
CAMIONETA,Chevrolet,Silverado,2011,28622,942
AUTOMOVIL,Nissan,Versa,2022,20224,4
AUTOMOVIL,Chevrolet,Cruze,2012,17211,5
CAMIONETA,Toyota,Tacoma,2023,32813,1083
AUTOMOVIL,Honda,Civic,2013,17800,4
AUTOMOVIL,Kia,Cerato,2024,21402,5
CAMIONETA,Chevrolet,Silverado,2014,30389,1224
AUTOMOVIL,Nissan,Versa,2025,21991,4
AUTOMOVIL,Chevrolet,Cruze,2015,18978,5
CAMIONETA,Toyota,Tacoma,2005,27965,1365
AUTOMOVIL,Honda,Civic,2016,19567,4
AUTOMOVIL,Kia,Cerato,2006,16554,5
CAMIONETA,Chevrolet,Silverado,2017,32156,1506
AUTOMOVIL,Nissan,Versa,2007,17143,4
AUTOMOVIL,Chevrolet,Cruze,2018,20745,5
CAMIONETA,Toyota,Tacoma,2008,29732,1647
AUTOMOVIL,Honda,Civic,2019,21334,4
AUTOMOVIL,Kia,Cerato,2009,18321,5
CAMIONETA,Chevrolet,Silverado,2020,33923,1788
AUTOMOVIL,Nissan,Versa,2010,18910,4
AUTOMOVIL,Chevrolet,Cruze,2021,22512,5
CAMIONETA,Toyota,Tacoma,2011,31499,779
AUTOMOVIL,Honda,Civic,2022,23101,4
AUTOMOVIL,Kia,Cerato,2012,20088,5
CAMIONETA,Chevrolet,Silverado,2023,35690,920
AUTOMOVIL,Nissan,Versa,2013,20677,4
AUTOMOVIL,Chevrolet,Cruze,2024,24279,5
CAMIONETA,Toyota,Tacoma,2014,33266,1061
AUTOMOVIL,Honda,Civic,2025,24868,4
AUTOMOVIL,Kia,Cerato,2015,21855,5
CAMIONETA,Chevrolet,Silverado,2005,30842,1202
AUTOMOVIL,Nissan,Versa,2016,22444,4
AUTOMOVIL,Chevrolet,Cruze,2006,19431,5
CAMIONETA,Toyota,Tacoma,2017,35033,1343
AUTOMOVIL,Honda,Civic,2007,20020,4
AUTOMOVIL,Kia,Cerato,2018,23622,5
CAMIONETA,Chevrolet,Silverado,2008,32609,1484
AUTOMOVIL,Nissan,Versa,2019,24211,4
AUTOMOVIL,Chevrolet,Cruze,2009,21198,5
CAMIONETA,Toyota,Tacoma,2020,36800,1625
AUTOMOVIL,Honda,Civic,2010,21787,4
AUTOMOVIL,Kia,Cerato,2021,25389,5
CAMIONETA,Chevrolet,Silverado,2011,34376,1766
AUTOMOVIL,Nissan,Versa,2022,25978,4
AUTOMOVIL,Chevrolet,Cruze,2012,22965,5
CAMIONETA,Toyota,Tacoma,2023,38567,757
AUTOMOVIL,Honda,Civic,2013,23554,4
AUTOMOVIL,Kia,Cerato,2024,27156,5
CAMIONETA,Chevrolet,Silverado,2014,36143,898
AUTOMOVIL,Nissan,Versa,2025,27745,4
AUTOMOVIL,Chevrolet,Cruze,2015,24732,5
CAMIONETA,Toyota,Tacoma,2005,33719,1039
AUTOMOVIL,Honda,Civic,2016,25321,4
AUTOMOVIL,Kia,Cerato,2006,22308,5
CAMIONETA,Chevrolet,Silverado,2017,37910,1180
AUTOMOVIL,Nissan,Versa,2007,22897,4
AUTOMOVIL,Chevrolet,Cruze,2018,26499,5
CAMIONETA,Toyota,Tacoma,2008,35486,1321
AUTOMOVIL,Honda,Civic,2019,27088,4
AUTOMOVIL,Kia,Cerato,2009,24075,5
CAMIONETA,Chevrolet,Silverado,2020,39677,1462
AUTOMOVIL,Nissan,Versa,2010,24664,4
AUTOMOVIL,Chevrolet,Cruze,2021,28266,5
CAMIONETA,Toyota,Tacoma,2011,37253,1603
AUTOMOVIL,Honda,Civic,2022,28855,4
AUTOMOVIL,Kia,Cerato,2012,25842,5
CAMIONETA,Chevrolet,Silverado,2023,41444,1744
AUTOMOVIL,Nissan,Versa,2013,26431,4
AUTOMOVIL,Chevrolet,Cruze,2024,30033,5
CAMIONETA,Toyota,Tacoma,2014,39020,735
AUTOMOVIL,Honda,Civic,2025,30622,4
AUTOMOVIL,Kia,Cerato,2015,27609,5
CAMIONETA,Chevrolet,Silverado,2005,36596,876
AUTOMOVIL,Nissan,Versa,2016,28198,4
AUTOMOVIL,Chevrolet,Cruze,2006,25185,5
CAMIONETA,Toyota,Tacoma,2017,40787,1017
AUTOMOVIL,Honda,Civic,2007,25774,4
AUTOMOVIL,Kia,Cerato,2018,29376,5
CAMIONETA,Chevrolet,Silverado,2008,38363,1158
AUTOMOVIL,Nissan,Versa,2019,29965,4
AUTOMOVIL,Chevrolet,Cruze,2009,26952,5
CAMIONETA,Toyota,Tacoma,2020,42554,1299
AUTOMOVIL,Honda,Civic,2010,27541,4
AUTOMOVIL,Kia,Cerato,2021,31143,5
CAMIONETA,Chevrolet,Silverado,2011,40130,1440
AUTOMOVIL,Nissan,Versa,2022,31732,4
AUTOMOVIL,Chevrolet,Cruze,2012,28719,5
CAMIONETA,Toyota,Tacoma,2023,44321,1581
AUTOMOVIL,Honda,Civic,2013,29308,4
AUTOMOVIL,Kia,Cerato,2024,32910,5
CAMIONETA,Chevrolet,Silverado,2014,41897,1722
AUTOMOVIL,Nissan,Versa,2025,33499,4
AUTOMOVIL,Chevrolet,Cruze,2015,30486,5
CAMIONETA,Toyota,Tacoma,2005,39473,713
AUTOMOVIL,Honda,Civic,2016,31075,4
AUTOMOVIL,Kia,Cerato,2006,28062,5
CAMIONETA,Chevrolet,Silverado,2017,43664,854
AUTOMOVIL,Nissan,Versa,2007,28651,4
AUTOMOVIL,Chevrolet,Cruze,2018,32253,5
CAMIONETA,Toyota,Tacoma,2008,41240,995
AUTOMOVIL,Honda,Civic,2019,32842,4
AUTOMOVIL,Kia,Cerato,2009,29829,5
CAMIONETA,Chevrolet,Silverado,2020,45431,1136
AUTOMOVIL,Nissan,Versa,2010,30418,4
AUTOMOVIL,Chevrolet,Cruze,2021,34020,5
CAMIONETA,Toyota,Tacoma,2011,43007,1277
AUTOMOVIL,Honda,Civic,2022,34609,4
AUTOMOVIL,Kia,Cerato,2012,31596,5
CAMIONETA,Chevrolet,Silverado,2023,47198,1418
AUTOMOVIL,Nissan,Versa,2013,32185,4
AUTOMOVIL,Chevrolet,Cruze,2024,35787,5
CAMIONETA,Toyota,Tacoma,2014,44774,1559
AUTOMOVIL,Honda,Civic,2025,36376,4
AUTOMOVIL,Kia,Cerato,2015,33363,5
CAMIONETA,Chevrolet,Silverado,2005,42350,1700
AUTOMOVIL,Nissan,Versa,2016,33952,4
AUTOMOVIL,Chevrolet,Cruze,2006,30939,5
CAMIONETA,Toyota,Tacoma,2017,46541,691
AUTOMOVIL,Honda,Civic,2007,31528,4
AUTOMOVIL,Kia,Cerato,2018,35130,5
CAMIONETA,Chevrolet,Silverado,2008,44117,832
AUTOMOVIL,Nissan,Versa,2019,35719,4
AUTOMOVIL,Chevrolet,Cruze,2009,32706,5
CAMIONETA,Toyota,Tacoma,2020,48308,973
AUTOMOVIL,Honda,Civic,2010,33295,4
AUTOMOVIL,Kia,Cerato,2021,36897,5
CAMIONETA,Chevrolet,Silverado,2011,45884,1114
AUTOMOVIL,Nissan,Versa,2022,37486,4
AUTOMOVIL,Chevrolet,Cruze,2012,34473,5
CAMIONETA,Toyota,Tacoma,2023,50075,1255
AUTOMOVIL,Honda,Civic,2013,35062,4
AUTOMOVIL,Kia,Cerato,2024,38664,5
CAMIONETA,Chevrolet,Silverado,2014,47651,1396
AUTOMOVIL,Nissan,Versa,2025,39253,4
AUTOMOVIL,Chevrolet,Cruze,2015,36240,5
CAMIONETA,Toyota,Tacoma,2005,45227,1537
AUTOMOVIL,Honda,Civic,2016,36829,4
AUTOMOVIL,Kia,Cerato,2006,33816,5
CAMIONETA,Chevrolet,Silverado,2017,49418,1678
AUTOMOVIL,Nissan,Versa,2007,34405,4
AUTOMOVIL,Chevrolet,Cruze,2018,38007,5
CAMIONETA,Toyota,Tacoma,2008,46994,669
AUTOMOVIL,Honda,Civic,2019,38596,4
AUTOMOVIL,Kia,Cerato,2009,35583,5
CAMIONETA,Chevrolet,Silverado,2020,51185,810
AUTOMOVIL,Nissan,Versa,2010,36172,4
AUTOMOVIL,Chevrolet,Cruze,2021,39774,5
CAMIONETA,Toyota,Tacoma,2011,48761,951
AUTOMOVIL,Honda,Civic,2022,40363,4
AUTOMOVIL,Kia,Cerato,2012,37350,5
CAMIONETA,Chevrolet,Silverado,2023,52952,1092
AUTOMOVIL,Nissan,Versa,2013,37939,4
AUTOMOVIL,Chevrolet,Cruze,2024,41541,5
CAMIONETA,Toyota,Tacoma,2014,50528,1233
AUTOMOVIL,Honda,Civic,2025,42130,4
AUTOMOVIL,Kia,Cerato,2015,39117,5
CAMIONETA,Chevrolet,Silverado,2005,48104,1374
AUTOMOVIL,Nissan,Versa,2016,39706,4
AUTOMOVIL,Chevrolet,Cruze,2006,36693,5
CAMIONETA,Toyota,Tacoma,2017,52295,1515
AUTOMOVIL,Honda,Civic,2007,37282,4
AUTOMOVIL,Kia,Cerato,2018,40884,5
CAMIONETA,Chevrolet,Silverado,2008,49871,1656
AUTOMOVIL,Nissan,Versa,2019,41473,4
AUTOMOVIL,Chevrolet,Cruze,2009,38460,5
CAMIONETA,Toyota,Tacoma,2020,54062,1797
AUTOMOVIL,Honda,Civic,2010,39049,4
AUTOMOVIL,Kia,Cerato,2021,42651,5
CAMIONETA,Chevrolet,Silverado,2011,51638,788
AUTOMOVIL,Nissan,Versa,2022,43240,4
AUTOMOVIL,Chevrolet,Cruze,2012,40227,5
CAMIONETA,Toyota,Tacoma,2023,55829,929
AUTOMOVIL,Honda,Civic,2013,40816,4
AUTOMOVIL,Kia,Cerato,2024,44418,5
CAMIONETA,Chevrolet,Silverado,2014,53405,1070
AUTOMOVIL,Nissan,Versa,2025,45007,4
AUTOMOVIL,Chevrolet,Cruze,2015,41994,5
CAMIONETA,Toyota,Tacoma,2005,50981,1211
AUTOMOVIL,Honda,Civic,2016,42583,4
AUTOMOVIL,Kia,Cerato,2006,39570,5
CAMIONETA,Chevrolet,Silverado,2017,55172,1352
AUTOMOVIL,Nissan,Versa,2007,40159,4
AUTOMOVIL,Chevrolet,Cruze,2018,43761,5
CAMIONETA,Toyota,Tacoma,2008,52748,1493
AUTOMOVIL,Honda,Civic,2019,44350,4
AUTOMOVIL,Kia,Cerato,2009,41337,5
CAMIONETA,Chevrolet,Silverado,2020,56939,1634
AUTOMOVIL,Nissan,Versa,2010,41926,4
AUTOMOVIL,Chevrolet,Cruze,2021,45528,5
CAMIONETA,Toyota,Tacoma,2011,54515,1775
AUTOMOVIL,Honda,Civic,2022,46117,4
AUTOMOVIL,Kia,Cerato,2012,43104,5
CAMIONETA,Chevrolet,Silverado,2023,58706,766
AUTOMOVIL,Nissan,Versa,2013,43693,4
AUTOMOVIL,Chevrolet,Cruze,2024,47295,5
CAMIONETA,Toyota,Tacoma,2014,56282,907
AUTOMOVIL,Honda,Civic,2025,47884,4
AUTOMOVIL,Kia,Cerato,2015,44871,5
CAMIONETA,Chevrolet,Silverado,2005,53858,1048
AUTOMOVIL,Nissan,Versa,2016,45460,4
AUTOMOVIL,Chevrolet,Cruze,2006,42447,5
CAMIONETA,Toyota,Tacoma,2017,58049,1189
AUTOMOVIL,Honda,Civic,2007,43036,4
AUTOMOVIL,Kia,Cerato,2018,46638,5
CAMIONETA,Chevrolet,Silverado,2008,55625,1330
AUTOMOVIL,Nissan,Versa,2019,47227,4
AUTOMOVIL,Chevrolet,Cruze,2009,44214,5
CAMIONETA,Toyota,Tacoma,2020,59816,1471
AUTOMOVIL,Honda,Civic,2010,44803,4
AUTOMOVIL,Kia,Cerato,2021,48405,5
CAMIONETA,Chevrolet,Silverado,2011,57392,1612
AUTOMOVIL,Nissan,Versa,2022,48994,4
AUTOMOVIL,Chevrolet,Cruze,2012,45981,5
CAMIONETA,Toyota,Tacoma,2023,61583,1753
AUTOMOVIL,Honda,Civic,2013,46570,4
AUTOMOVIL,Kia,Cerato,2024,50172,5
CAMIONETA,Chevrolet,Silverado,2014,59159,744
AUTOMOVIL,Nissan,Versa,2025,50761,4
AUTOMOVIL,Chevrolet,Cruze,2015,47748,5
CAMIONETA,Toyota,Tacoma,2005,56735,885
AUTOMOVIL,Honda,Civic,2016,48337,4
AUTOMOVIL,Kia,Cerato,2006,45324,5
CAMIONETA,Chevrolet,Silverado,2017,60926,1026
AUTOMOVIL,Nissan,Versa,2007,45913,4
AUTOMOVIL,Chevrolet,Cruze,2018,49515,5
CAMIONETA,Toyota,Tacoma,2008,58502,1167
AUTOMOVIL,Honda,Civic,2019,50104,4
AUTOMOVIL,Kia,Cerato,2009,47091,5
CAMIONETA,Chevrolet,Silverado,2020,62693,1308
AUTOMOVIL,Nissan,Versa,2010,47680,4
AUTOMOVIL,Chevrolet,Cruze,2021,51282,5
CAMIONETA,Toyota,Tacoma,2011,60269,1449
AUTOMOVIL,Honda,Civic,2022,51871,4
AUTOMOVIL,Kia,Cerato,2012,48858,5
CAMIONETA,Chevrolet,Silverado,2023,64460,1590
AUTOMOVIL,Nissan,Versa,2013,49447,4
AUTOMOVIL,Chevrolet,Cruze,2024,53049,5
CAMIONETA,Toyota,Tacoma,2014,62036,1731
AUTOMOVIL,Honda,Civic,2025,53638,4
AUTOMOVIL,Kia,Cerato,2015,50625,5
CAMIONETA,Chevrolet,Silverado,2005,59612,722
AUTOMOVIL,Nissan,Versa,2016,51214,4
AUTOMOVIL,Chevrolet,Cruze,2006,48201,5
CAMIONETA,Toyota,Tacoma,2017,63803,863
AUTOMOVIL,Honda,Civic,2007,48790,4
AUTOMOVIL,Kia,Cerato,2018,52392,5
CAMIONETA,Chevrolet,Silverado,2008,61379,1004
AUTOMOVIL,Nissan,Versa,2019,52981,4
AUTOMOVIL,Chevrolet,Cruze,2009,49968,5
CAMIONETA,Toyota,Tacoma,2020,65570,1145
AUTOMOVIL,Honda,Civic,2010,50557,4
AUTOMOVIL,Kia,Cerato,2021,54159,5
CAMIONETA,Chevrolet,Silverado,2011,63146,1286
AUTOMOVIL,Nissan,Versa,2022,54748,4
AUTOMOVIL,Chevrolet,Cruze,2012,51735,5
CAMIONETA,Toyota,Tacoma,2023,67337,1427
AUTOMOVIL,Honda,Civic,2013,52324,4
AUTOMOVIL,Kia,Cerato,2024,55926,5
CAMIONETA,Chevrolet,Silverado,2014,64913,1568
AUTOMOVIL,Nissan,Versa,2025,56515,4
AUTOMOVIL,Chevrolet,Cruze,2015,53502,5
CAMIONETA,Toyota,Tacoma,2005,62489,1709
AUTOMOVIL,Honda,Civic,2016,54091,4
AUTOMOVIL,Kia,Cerato,2006,51078,5
CAMIONETA,Chevrolet,Silverado,2017,66680,700
AUTOMOVIL,Nissan,Versa,2007,51667,4
AUTOMOVIL,Chevrolet,Cruze,2018,55269,5
CAMIONETA,Toyota,Tacoma,2008,64256,841
AUTOMOVIL,Honda,Civic,2019,55858,4
AUTOMOVIL,Kia,Cerato,2009,52845,5
CAMIONETA,Chevrolet,Silverado,2020,68447,982
AUTOMOVIL,Nissan,Versa,2010,53434,4
AUTOMOVIL,Chevrolet,Cruze,2021,57036,5
CAMIONETA,Toyota,Tacoma,2011,66023,1123
AUTOMOVIL,Honda,Civic,2022,57625,4
AUTOMOVIL,Kia,Cerato,2012,54612,5
CAMIONETA,Chevrolet,Silverado,2023,70214,1264
AUTOMOVIL,Nissan,Versa,2013,55201,4
AUTOMOVIL,Chevrolet,Cruze,2024,58803,5
CAMIONETA,Toyota,Tacoma,2014,67790,1405
AUTOMOVIL,Honda,Civic,2025,59392,4
AUTOMOVIL,Kia,Cerato,2015,56379,5
CAMIONETA,Chevrolet,Silverado,2005,65366,1546
AUTOMOVIL,Nissan,Versa,2016,56968,4
AUTOMOVIL,Chevrolet,Cruze,2006,53955,5
CAMIONETA,Toyota,Tacoma,2017,69557,1687
AUTOMOVIL,Honda,Civic,2007,54544,4
AUTOMOVIL,Kia,Cerato,2018,58146,5
CAMIONETA,Chevrolet,Silverado,2008,67133,678
AUTOMOVIL,Nissan,Versa,2019,58735,4
AUTOMOVIL,Chevrolet,Cruze,2009,55722,5
CAMIONETA,Toyota,Tacoma,2020,29324,819
AUTOMOVIL,Honda,Civic,2010,14311,4
AUTOMOVIL,Kia,Cerato,2021,17913,5
CAMIONETA,Chevrolet,Silverado,2011,26900,960
AUTOMOVIL,Nissan,Versa,2022,18502,4
AUTOMOVIL,Chevrolet,Cruze,2012,15489,5
CAMIONETA,Toyota,Tacoma,2023,31091,1101
AUTOMOVIL,Honda,Civic,2013,16078,4
AUTOMOVIL,Kia,Cerato,2024,19680,5
CAMIONETA,Chevrolet,Silverado,2014,28667,1242
AUTOMOVIL,Nissan,Versa,2025,20269,4
AUTOMOVIL,Chevrolet,Cruze,2015,17256,5
CAMIONETA,Toyota,Tacoma,2005,26243,1383
AUTOMOVIL,Honda,Civic,2016,17845,4
AUTOMOVIL,Kia,Cerato,2006,14832,5
CAMIONETA,Chevrolet,Silverado,2017,30434,1524
AUTOMOVIL,Nissan,Versa,2007,15421,4
AUTOMOVIL,Chevrolet,Cruze,2018,19023,5
CAMIONETA,Toyota,Tacoma,2008,28010,1665
AUTOMOVIL,Honda,Civic,2019,19612,4
AUTOMOVIL,Kia,Cerato,2009,16599,5
CAMIONETA,Chevrolet,Silverado,2020,32201,656
AUTOMOVIL,Nissan,Versa,2010,17188,4
AUTOMOVIL,Chevrolet,Cruze,2021,20790,5
CAMIONETA,Toyota,Tacoma,2011,29777,797
AUTOMOVIL,Honda,Civic,2022,21379,4
AUTOMOVIL,Kia,Cerato,2012,18366,5
CAMIONETA,Chevrolet,Silverado,2023,33968,938
AUTOMOVIL,Nissan,Versa,2013,18955,4
AUTOMOVIL,Chevrolet,Cruze,2024,22557,5
CAMIONETA,Toyota,Tacoma,2014,31544,1079
AUTOMOVIL,Honda,Civic,2025,23146,4
AUTOMOVIL,Kia,Cerato,2015,20133,5
CAMIONETA,Chevrolet,Silverado,2005,29120,1220
AUTOMOVIL,Nissan,Versa,2016,20722,4
AUTOMOVIL,Chevrolet,Cruze,2006,17709,5
CAMIONETA,Toyota,Tacoma,2017,33311,1361
AUTOMOVIL,Honda,Civic,2007,18298,4
AUTOMOVIL,Kia,Cerato,2018,21900,5
CAMIONETA,Chevrolet,Silverado,2008,30887,1502
AUTOMOVIL,Nissan,Versa,2019,22489,4
AUTOMOVIL,Chevrolet,Cruze,2009,19476,5
CAMIONETA,Toyota,Tacoma,2020,35078,1643
AUTOMOVIL,Honda,Civic,2010,20065,4
AUTOMOVIL,Kia,Cerato,2021,23667,5
CAMIONETA,Chevrolet,Silverado,2011,32654,1784
AUTOMOVIL,Nissan,Versa,2022,24256,4
AUTOMOVIL,Chevrolet,Cruze,2012,21243,5
CAMIONETA,Toyota,Tacoma,2023,36845,775
AUTOMOVIL,Honda,Civic,2013,21832,4
AUTOMOVIL,Kia,Cerato,2024,25434,5
CAMIONETA,Chevrolet,Silverado,2014,34421,916
AUTOMOVIL,Nissan,Versa,2025,26023,4
AUTOMOVIL,Chevrolet,Cruze,2015,23010,5
CAMIONETA,Toyota,Tacoma,2005,31997,1057
AUTOMOVIL,Honda,Civic,2016,23599,4
AUTOMOVIL,Kia,Cerato,2006,20586,5
CAMIONETA,Chevrolet,Silverado,2017,36188,1198
AUTOMOVIL,Nissan,Versa,2007,21175,4
AUTOMOVIL,Chevrolet,Cruze,2018,24777,5
CAMIONETA,Toyota,Tacoma,2008,33764,1339
AUTOMOVIL,Honda,Civic,2019,25366,4
AUTOMOVIL,Kia,Cerato,2009,22353,5
CAMIONETA,Chevrolet,Silverado,2020,37955,1480
AUTOMOVIL,Nissan,Versa,2010,22942,4
AUTOMOVIL,Chevrolet,Cruze,2021,26544,5
CAMIONETA,Toyota,Tacoma,2011,35531,1621
AUTOMOVIL,Honda,Civic,2022,27133,4
AUTOMOVIL,Kia,Cerato,2012,24120,5
CAMIONETA,Chevrolet,Silverado,2023,39722,1762
AUTOMOVIL,Nissan,Versa,2013,24709,4
AUTOMOVIL,Chevrolet,Cruze,2024,28311,5
CAMIONETA,Toyota,Tacoma,2014,37298,753
AUTOMOVIL,Honda,Civic,2025,28900,4
AUTOMOVIL,Kia,Cerato,2015,25887,5
CAMIONETA,Chevrolet,Silverado,2005,34874,894
AUTOMOVIL,Nissan,Versa,2016,26476,4
AUTOMOVIL,Chevrolet,Cruze,2006,23463,5
CAMIONETA,Toyota,Tacoma,2017,39065,1035
AUTOMOVIL,Honda,Civic,2007,24052,4
AUTOMOVIL,Kia,Cerato,2018,27654,5
CAMIONETA,Chevrolet,Silverado,2008,36641,1176
AUTOMOVIL,Nissan,Versa,2019,28243,4
AUTOMOVIL,Chevrolet,Cruze,2009,25230,5
CAMIONETA,Toyota,Tacoma,2020,40832,1317
AUTOMOVIL,Honda,Civic,2010,25819,4
AUTOMOVIL,Kia,Cerato,2021,29421,5
CAMIONETA,Chevrolet,Silverado,2011,38408,1458
AUTOMOVIL,Nissan,Versa,2022,30010,4
AUTOMOVIL,Chevrolet,Cruze,2012,26997,5
CAMIONETA,Toyota,Tacoma,2023,42599,1599
AUTOMOVIL,Honda,Civic,2013,27586,4
AUTOMOVIL,Kia,Cerato,2024,31188,5
CAMIONETA,Chevrolet,Silverado,2014,40175,1740
AUTOMOVIL,Nissan,Versa,2025,31777,4
AUTOMOVIL,Chevrolet,Cruze,2015,28764,5
CAMIONETA,Toyota,Tacoma,2005,37751,731
AUTOMOVIL,Honda,Civic,2016,29353,4
AUTOMOVIL,Kia,Cerato,2006,26340,5
CAMIONETA,Chevrolet,Silverado,2017,41942,872
AUTOMOVIL,Nissan,Versa,2007,26929,4
AUTOMOVIL,Chevrolet,Cruze,2018,30531,5
CAMIONETA,Toyota,Tacoma,2008,39518,1013
AUTOMOVIL,Honda,Civic,2019,31120,4
AUTOMOVIL,Kia,Cerato,2009,28107,5
CAMIONETA,Chevrolet,Silverado,2020,43709,1154
AUTOMOVIL,Nissan,Versa,2010,28696,4
AUTOMOVIL,Chevrolet,Cruze,2021,32298,5
CAMIONETA,Toyota,Tacoma,2011,41285,1295
AUTOMOVIL,Honda,Civic,2022,32887,4
AUTOMOVIL,Kia,Cerato,2012,29874,5
CAMIONETA,Chevrolet,Silverado,2023,45476,1436
AUTOMOVIL,Nissan,Versa,2013,30463,4
AUTOMOVIL,Chevrolet,Cruze,2024,34065,5
CAMIONETA,Toyota,Tacoma,2014,43052,1577
AUTOMOVIL,Honda,Civic,2025,34654,4
AUTOMOVIL,Kia,Cerato,2015,31641,5
CAMIONETA,Chevrolet,Silverado,2005,40628,1718
AUTOMOVIL,Nissan,Versa,2016,32230,4
AUTOMOVIL,Chevrolet,Cruze,2006,29217,5
CAMIONETA,Toyota,Tacoma,2017,44819,709
AUTOMOVIL,Honda,Civic,2007,29806,4
AUTOMOVIL,Kia,Cerato,2018,33408,5
CAMIONETA,Chevrolet,Silverado,2008,42395,850
AUTOMOVIL,Nissan,Versa,2019,33997,4
AUTOMOVIL,Chevrolet,Cruze,2009,30984,5
CAMIONETA,Toyota,Tacoma,2020,46586,991
AUTOMOVIL,Honda,Civic,2010,31573,4
AUTOMOVIL,Kia,Cerato,2021,35175,5
CAMIONETA,Chevrolet,Silverado,2011,44162,1132
AUTOMOVIL,Nissan,Versa,2022,35764,4
AUTOMOVIL,Chevrolet,Cruze,2012,32751,5
CAMIONETA,Toyota,Tacoma,2023,48353,1273
AUTOMOVIL,Honda,Civic,2013,33340,4
AUTOMOVIL,Kia,Cerato,2024,36942,5
CAMIONETA,Chevrolet,Silverado,2014,45929,1414
AUTOMOVIL,Nissan,Versa,2025,37531,4
AUTOMOVIL,Chevrolet,Cruze,2015,34518,5
CAMIONETA,Toyota,Tacoma,2005,43505,1555
AUTOMOVIL,Honda,Civic,2016,35107,4
AUTOMOVIL,Kia,Cerato,2006,32094,5
CAMIONETA,Chevrolet,Silverado,2017,47696,1696
AUTOMOVIL,Nissan,Versa,2007,32683,4
AUTOMOVIL,Chevrolet,Cruze,2018,36285,5
CAMIONETA,Toyota,Tacoma,2008,45272,687
AUTOMOVIL,Honda,Civic,2019,36874,4
AUTOMOVIL,Kia,Cerato,2009,33861,5
CAMIONETA,Chevrolet,Silverado,2020,49463,828
AUTOMOVIL,Nissan,Versa,2010,34450,4
AUTOMOVIL,Chevrolet,Cruze,2021,38052,5
CAMIONETA,Toyota,Tacoma,2011,47039,969
AUTOMOVIL,Honda,Civic,2022,38641,4
AUTOMOVIL,Kia,Cerato,2012,35628,5
CAMIONETA,Chevrolet,Silverado,2023,51230,1110
AUTOMOVIL,Nissan,Versa,2013,36217,4
AUTOMOVIL,Chevrolet,Cruze,2024,39819,5
CAMIONETA,Toyota,Tacoma,2014,48806,1251
AUTOMOVIL,Honda,Civic,2025,40408,4
AUTOMOVIL,Kia,Cerato,2015,37395,5
CAMIONETA,Chevrolet,Silverado,2005,46382,1392
AUTOMOVIL,Nissan,Versa,2016,37984,4
AUTOMOVIL,Chevrolet,Cruze,2006,34971,5
CAMIONETA,Toyota,Tacoma,2017,50573,1533
AUTOMOVIL,Honda,Civic,2007,35560,4
AUTOMOVIL,Kia,Cerato,2018,39162,5
CAMIONETA,Chevrolet,Silverado,2008,48149,1674
AUTOMOVIL,Nissan,Versa,2019,39751,4
AUTOMOVIL,Chevrolet,Cruze,2009,36738,5
CAMIONETA,Toyota,Tacoma,2020,52340,665
AUTOMOVIL,Honda,Civic,2010,37327,4
AUTOMOVIL,Kia,Cerato,2021,40929,5
CAMIONETA,Chevrolet,Silverado,2011,49916,806
AUTOMOVIL,Nissan,Versa,2022,41518,4
AUTOMOVIL,Chevrolet,Cruze,2012,38505,5
CAMIONETA,Toyota,Tacoma,2023,54107,947
AUTOMOVIL,Honda,Civic,2013,39094,4
AUTOMOVIL,Kia,Cerato,2024,42696,5
CAMIONETA,Chevrolet,Silverado,2014,51683,1088
AUTOMOVIL,Nissan,Versa,2025,43285,4
AUTOMOVIL,Chevrolet,Cruze,2015,40272,5
CAMIONETA,Toyota,Tacoma,2005,49259,1229
AUTOMOVIL,Honda,Civic,2016,40861,4
AUTOMOVIL,Kia,Cerato,2006,37848,5
CAMIONETA,Chevrolet,Silverado,2017,53450,1370
AUTOMOVIL,Nissan,Versa,2007,38437,4
AUTOMOVIL,Chevrolet,Cruze,2018,42039,5
CAMIONETA,Toyota,Tacoma,2008,51026,1511
AUTOMOVIL,Honda,Civic,2019,42628,4
AUTOMOVIL,Kia,Cerato,2009,39615,5
CAMIONETA,Chevrolet,Silverado,2020,55217,1652
AUTOMOVIL,Nissan,Versa,2010,40204,4
AUTOMOVIL,Chevrolet,Cruze,2021,43806,5
CAMIONETA,Toyota,Tacoma,2011,52793,1793
AUTOMOVIL,Honda,Civic,2022,44395,4
AUTOMOVIL,Kia,Cerato,2012,41382,5
CAMIONETA,Chevrolet,Silverado,2023,56984,784
AUTOMOVIL,Nissan,Versa,2013,41971,4
AUTOMOVIL,Chevrolet,Cruze,2024,45573,5
CAMIONETA,Toyota,Tacoma,2014,54560,925
AUTOMOVIL,Honda,Civic,2025,46162,4
AUTOMOVIL,Kia,Cerato,2015,43149,5
CAMIONETA,Chevrolet,Silverado,2005,52136,1066
AUTOMOVIL,Nissan,Versa,2016,43738,4
AUTOMOVIL,Chevrolet,Cruze,2006,40725,5
CAMIONETA,Toyota,Tacoma,2017,56327,1207
AUTOMOVIL,Honda,Civic,2007,41314,4
AUTOMOVIL,Kia,Cerato,2018,44916,5
CAMIONETA,Chevrolet,Silverado,2008,53903,1348
AUTOMOVIL,Nissan,Versa,2019,45505,4
AUTOMOVIL,Chevrolet,Cruze,2009,42492,5
CAMIONETA,Toyota,Tacoma,2020,58094,1489
AUTOMOVIL,Honda,Civic,2010,43081,4
AUTOMOVIL,Kia,Cerato,2021,46683,5
CAMIONETA,Chevrolet,Silverado,2011,55670,1630
AUTOMOVIL,Nissan,Versa,2022,47272,4
AUTOMOVIL,Chevrolet,Cruze,2012,44259,5
CAMIONETA,Toyota,Tacoma,2023,59861,1771
AUTOMOVIL,Honda,Civic,2013,44848,4
AUTOMOVIL,Kia,Cerato,2024,48450,5
CAMIONETA,Chevrolet,Silverado,2014,57437,762
AUTOMOVIL,Nissan,Versa,2025,49039,4
AUTOMOVIL,Chevrolet,Cruze,2015,46026,5
CAMIONETA,Toyota,Tacoma,2005,55013,903
AUTOMOVIL,Honda,Civic,2016,46615,4
AUTOMOVIL,Kia,Cerato,2006,43602,5
CAMIONETA,Chevrolet,Silverado,2017,59204,1044
AUTOMOVIL,Nissan,Versa,2007,44191,4
AUTOMOVIL,Chevrolet,Cruze,2018,47793,5
CAMIONETA,Toyota,Tacoma,2008,56780,1185
AUTOMOVIL,Honda,Civic,2019,48382,4
AUTOMOVIL,Kia,Cerato,2009,45369,5
CAMIONETA,Chevrolet,Silverado,2020,60971,1326
AUTOMOVIL,Nissan,Versa,2010,45958,4
AUTOMOVIL,Chevrolet,Cruze,2021,49560,5
CAMIONETA,Toyota,Tacoma,2011,58547,1467
AUTOMOVIL,Honda,Civic,2022,50149,4
AUTOMOVIL,Kia,Cerato,2012,47136,5
CAMIONETA,Chevrolet,Silverado,2023,62738,1608
AUTOMOVIL,Nissan,Versa,2013,47725,4
AUTOMOVIL,Chevrolet,Cruze,2024,51327,5
CAMIONETA,Toyota,Tacoma,2014,60314,1749
AUTOMOVIL,Honda,Civic,2025,51916,4
AUTOMOVIL,Kia,Cerato,2015,48903,5
CAMIONETA,Chevrolet,Silverado,2005,57890,740
AUTOMOVIL,Nissan,Versa,2016,49492,4
AUTOMOVIL,Chevrolet,Cruze,2006,46479,5
CAMIONETA,Toyota,Tacoma,2017,62081,881
AUTOMOVIL,Honda,Civic,2007,47068,4
AUTOMOVIL,Kia,Cerato,2018,50670,5
CAMIONETA,Chevrolet,Silverado,2008,59657,1022
AUTOMOVIL,Nissan,Versa,2019,51259,4
AUTOMOVIL,Chevrolet,Cruze,2009,48246,5
CAMIONETA,Toyota,Tacoma,2020,63848,1163
AUTOMOVIL,Honda,Civic,2010,48835,4
AUTOMOVIL,Kia,Cerato,2021,52437,5
CAMIONETA,Chevrolet,Silverado,2011,61424,1304
AUTOMOVIL,Nissan,Versa,2022,53026,4
AUTOMOVIL,Chevrolet,Cruze,2012,50013,5
CAMIONETA,Toyota,Tacoma,2023,65615,1445
AUTOMOVIL,Honda,Civic,2013,50602,4
AUTOMOVIL,Kia,Cerato,2024,54204,5
CAMIONETA,Chevrolet,Silverado,2014,63191,1586
AUTOMOVIL,Nissan,Versa,2025,54793,4
AUTOMOVIL,Chevrolet,Cruze,2015,51780,5
CAMIONETA,Toyota,Tacoma,2005,60767,1727
AUTOMOVIL,Honda,Civic,2016,52369,4
AUTOMOVIL,Kia,Cerato,2006,49356,5
CAMIONETA,Chevrolet,Silverado,2017,64958,718
AUTOMOVIL,Nissan,Versa,2007,49945,4
AUTOMOVIL,Chevrolet,Cruze,2018,53547,5
CAMIONETA,Toyota,Tacoma,2008,62534,859
AUTOMOVIL,Honda,Civic,2019,54136,4
AUTOMOVIL,Kia,Cerato,2009,51123,5
CAMIONETA,Chevrolet,Silverado,2020,66725,1000
AUTOMOVIL,Nissan,Versa,2010,51712,4
AUTOMOVIL,Chevrolet,Cruze,2021,55314,5
CAMIONETA,Toyota,Tacoma,2011,64301,1141
AUTOMOVIL,Honda,Civic,2022,55903,4
AUTOMOVIL,Kia,Cerato,2012,52890,5
CAMIONETA,Chevrolet,Silverado,2023,68492,1282
AUTOMOVIL,Nissan,Versa,2013,53479,4
AUTOMOVIL,Chevrolet,Cruze,2024,57081,5
CAMIONETA,Toyota,Tacoma,2014,66068,1423
AUTOMOVIL,Honda,Civic,2025,57670,4
AUTOMOVIL,Kia,Cerato,2015,54657,5
CAMIONETA,Chevrolet,Silverado,2005,63644,1564
AUTOMOVIL,Nissan,Versa,2016,55246,4
AUTOMOVIL,Chevrolet,Cruze,2006,52233,5
CAMIONETA,Toyota,Tacoma,2017,67835,1705
AUTOMOVIL,Honda,Civic,2007,52822,4
AUTOMOVIL,Kia,Cerato,2018,56424,5
CAMIONETA,Chevrolet,Silverado,2008,65411,696
AUTOMOVIL,Nissan,Versa,2019,57013,4
AUTOMOVIL,Chevrolet,Cruze,2009,54000,5
CAMIONETA,Toyota,Tacoma,2020,69602,837
AUTOMOVIL,Honda,Civic,2010,54589,4
AUTOMOVIL,Kia,Cerato,2021,58191,5
CAMIONETA,Chevrolet,Silverado,2011,67178,978
AUTOMOVIL,Nissan,Versa,2022,58780,4
AUTOMOVIL,Chevrolet,Cruze,2012,55767,5
CAMIONETA,Toyota,Tacoma,2023,71369,1119
AUTOMOVIL,Honda,Civic,2013,56356,4
AUTOMOVIL,Kia,Cerato,2024,59958,5
CAMIONETA,Chevrolet,Silverado,2014,68945,1260
AUTOMOVIL,Nissan,Versa,2025,60547,4
AUTOMOVIL,Chevrolet,Cruze,2015,57534,5
CAMIONETA,Toyota,Tacoma,2005,24521,1401
AUTOMOVIL,Honda,Civic,2016,16123,4
AUTOMOVIL,Kia,Cerato,2006,13110,5
CAMIONETA,Chevrolet,Silverado,2017,28712,1542
AUTOMOVIL,Nissan,Versa,2007,13699,4
AUTOMOVIL,Chevrolet,Cruze,2018,17301,5
CAMIONETA,Toyota,Tacoma,2008,26288,1683
AUTOMOVIL,Honda,Civic,2019,17890,4
AUTOMOVIL,Kia,Cerato,2009,14877,5
CAMIONETA,Chevrolet,Silverado,2020,30479,674
AUTOMOVIL,Nissan,Versa,2010,15466,4
AUTOMOVIL,Chevrolet,Cruze,2021,19068,5
CAMIONETA,Toyota,Tacoma,2011,28055,815
AUTOMOVIL,Honda,Civic,2022,19657,4
AUTOMOVIL,Kia,Cerato,2012,16644,5
CAMIONETA,Chevrolet,Silverado,2023,32246,956
AUTOMOVIL,Nissan,Versa,2013,17233,4
AUTOMOVIL,Chevrolet,Cruze,2024,20835,5
CAMIONETA,Toyota,Tacoma,2014,29822,1097
AUTOMOVIL,Honda,Civic,2025,21424,4
AUTOMOVIL,Kia,Cerato,2015,18411,5
CAMIONETA,Chevrolet,Silverado,2005,27398,1238
AUTOMOVIL,Nissan,Versa,2016,19000,4
AUTOMOVIL,Chevrolet,Cruze,2006,15987,5
CAMIONETA,Toyota,Tacoma,2017,31589,1379
AUTOMOVIL,Honda,Civic,2007,16576,4
AUTOMOVIL,Kia,Cerato,2018,20178,5
CAMIONETA,Chevrolet,Silverado,2008,29165,1520
AUTOMOVIL,Nissan,Versa,2019,20767,4
AUTOMOVIL,Chevrolet,Cruze,2009,17754,5
CAMIONETA,Toyota,Tacoma,2020,33356,1661
AUTOMOVIL,Honda,Civic,2010,18343,4
AUTOMOVIL,Kia,Cerato,2021,21945,5
CAMIONETA,Chevrolet,Silverado,2011,30932,652
AUTOMOVIL,Nissan,Versa,2022,22534,4
AUTOMOVIL,Chevrolet,Cruze,2012,19521,5
CAMIONETA,Toyota,Tacoma,2023,35123,793
AUTOMOVIL,Honda,Civic,2013,20110,4
AUTOMOVIL,Kia,Cerato,2024,23712,5
CAMIONETA,Chevrolet,Silverado,2014,32699,934
AUTOMOVIL,Nissan,Versa,2025,24301,4
AUTOMOVIL,Chevrolet,Cruze,2015,21288,5
CAMIONETA,Toyota,Tacoma,2005,30275,1075
AUTOMOVIL,Honda,Civic,2016,21877,4
AUTOMOVIL,Kia,Cerato,2006,18864,5
CAMIONETA,Chevrolet,Silverado,2017,34466,1216
AUTOMOVIL,Nissan,Versa,2007,19453,4
AUTOMOVIL,Chevrolet,Cruze,2018,23055,5
CAMIONETA,Toyota,Tacoma,2008,32042,1357
AUTOMOVIL,Honda,Civic,2019,23644,4
AUTOMOVIL,Kia,Cerato,2009,20631,5
CAMIONETA,Chevrolet,Silverado,2020,36233,1498
AUTOMOVIL,Nissan,Versa,2010,21220,4
AUTOMOVIL,Chevrolet,Cruze,2021,24822,5
CAMIONETA,Toyota,Tacoma,2011,33809,1639
AUTOMOVIL,Honda,Civic,2022,25411,4
AUTOMOVIL,Kia,Cerato,2012,22398,5
CAMIONETA,Chevrolet,Silverado,2023,38000,1780
AUTOMOVIL,Nissan,Versa,2013,22987,4
AUTOMOVIL,Chevrolet,Cruze,2024,26589,5
CAMIONETA,Toyota,Tacoma,2014,35576,771
AUTOMOVIL,Honda,Civic,2025,27178,4
AUTOMOVIL,Kia,Cerato,2015,24165,5
CAMIONETA,Chevrolet,Silverado,2005,33152,912
AUTOMOVIL,Nissan,Versa,2016,24754,4
AUTOMOVIL,Chevrolet,Cruze,2006,21741,5
CAMIONETA,Toyota,Tacoma,2017,37343,1053
AUTOMOVIL,Honda,Civic,2007,22330,4
AUTOMOVIL,Kia,Cerato,2018,25932,5
CAMIONETA,Chevrolet,Silverado,2008,34919,1194
AUTOMOVIL,Nissan,Versa,2019,26521,4
AUTOMOVIL,Chevrolet,Cruze,2009,23508,5
CAMIONETA,Toyota,Tacoma,2020,39110,1335
AUTOMOVIL,Honda,Civic,2010,24097,4
AUTOMOVIL,Kia,Cerato,2021,27699,5
CAMIONETA,Chevrolet,Silverado,2011,36686,1476
AUTOMOVIL,Nissan,Versa,2022,28288,4
AUTOMOVIL,Chevrolet,Cruze,2012,25275,5
CAMIONETA,Toyota,Tacoma,2023,40877,1617
AUTOMOVIL,Honda,Civic,2013,25864,4
AUTOMOVIL,Kia,Cerato,2024,29466,5
CAMIONETA,Chevrolet,Silverado,2014,38453,1758
AUTOMOVIL,Nissan,Versa,2025,30055,4
AUTOMOVIL,Chevrolet,Cruze,2015,27042,5
CAMIONETA,Toyota,Tacoma,2005,36029,749
AUTOMOVIL,Honda,Civic,2016,27631,4
AUTOMOVIL,Kia,Cerato,2006,24618,5
CAMIONETA,Chevrolet,Silverado,2017,40220,890
AUTOMOVIL,Nissan,Versa,2007,25207,4
AUTOMOVIL,Chevrolet,Cruze,2018,28809,5
CAMIONETA,Toyota,Tacoma,2008,37796,1031
AUTOMOVIL,Honda,Civic,2019,29398,4
AUTOMOVIL,Kia,Cerato,2009,26385,5
CAMIONETA,Chevrolet,Silverado,2020,41987,1172
AUTOMOVIL,Nissan,Versa,2010,26974,4
AUTOMOVIL,Chevrolet,Cruze,2021,30576,5
CAMIONETA,Toyota,Tacoma,2011,39563,1313
AUTOMOVIL,Honda,Civic,2022,31165,4
AUTOMOVIL,Kia,Cerato,2012,28152,5
CAMIONETA,Chevrolet,Silverado,2023,43754,1454
AUTOMOVIL,Nissan,Versa,2013,28741,4
AUTOMOVIL,Chevrolet,Cruze,2024,32343,5
CAMIONETA,Toyota,Tacoma,2014,41330,1595
AUTOMOVIL,Honda,Civic,2025,32932,4
AUTOMOVIL,Kia,Cerato,2015,29919,5
CAMIONETA,Chevrolet,Silverado,2005,38906,1736
AUTOMOVIL,Nissan,Versa,2016,30508,4
AUTOMOVIL,Chevrolet,Cruze,2006,27495,5
CAMIONETA,Toyota,Tacoma,2017,43097,727
AUTOMOVIL,Honda,Civic,2007,28084,4
AUTOMOVIL,Kia,Cerato,2018,31686,5
CAMIONETA,Chevrolet,Silverado,2008,40673,868
AUTOMOVIL,Nissan,Versa,2019,32275,4
AUTOMOVIL,Chevrolet,Cruze,2009,29262,5
CAMIONETA,Toyota,Tacoma,2020,44864,1009
AUTOMOVIL,Honda,Civic,2010,29851,4
AUTOMOVIL,Kia,Cerato,2021,33453,5
CAMIONETA,Chevrolet,Silverado,2011,42440,1150
AUTOMOVIL,Nissan,Versa,2022,34042,4
AUTOMOVIL,Chevrolet,Cruze,2012,31029,5
CAMIONETA,Toyota,Tacoma,2023,46631,1291
AUTOMOVIL,Honda,Civic,2013,31618,4
AUTOMOVIL,Kia,Cerato,2024,35220,5
CAMIONETA,Chevrolet,Silverado,2014,44207,1432
AUTOMOVIL,Nissan,Versa,2025,35809,4
AUTOMOVIL,Chevrolet,Cruze,2015,32796,5
CAMIONETA,Toyota,Tacoma,2005,41783,1573
AUTOMOVIL,Honda,Civic,2016,33385,4
AUTOMOVIL,Kia,Cerato,2006,30372,5
CAMIONETA,Chevrolet,Silverado,2017,45974,1714
AUTOMOVIL,Nissan,Versa,2007,30961,4
AUTOMOVIL,Chevrolet,Cruze,2018,34563,5
CAMIONETA,Toyota,Tacoma,2008,43550,705
AUTOMOVIL,Honda,Civic,2019,35152,4
AUTOMOVIL,Kia,Cerato,2009,32139,5
CAMIONETA,Chevrolet,Silverado,2020,47741,846
AUTOMOVIL,Nissan,Versa,2010,32728,4
AUTOMOVIL,Chevrolet,Cruze,2021,36330,5
CAMIONETA,Toyota,Tacoma,2011,45317,987
AUTOMOVIL,Honda,Civic,2022,36919,4
AUTOMOVIL,Kia,Cerato,2012,33906,5
CAMIONETA,Chevrolet,Silverado,2023,49508,1128
AUTOMOVIL,Nissan,Versa,2013,34495,4
AUTOMOVIL,Chevrolet,Cruze,2024,38097,5
CAMIONETA,Toyota,Tacoma,2014,47084,1269
AUTOMOVIL,Honda,Civic,2025,38686,4
AUTOMOVIL,Kia,Cerato,2015,35673,5
CAMIONETA,Chevrolet,Silverado,2005,44660,1410
AUTOMOVIL,Nissan,Versa,2016,36262,4
AUTOMOVIL,Chevrolet,Cruze,2006,33249,5
CAMIONETA,Toyota,Tacoma,2017,48851,1551
AUTOMOVIL,Honda,Civic,2007,33838,4
AUTOMOVIL,Kia,Cerato,2018,37440,5
CAMIONETA,Chevrolet,Silverado,2008,46427,1692
AUTOMOVIL,Nissan,Versa,2019,38029,4
AUTOMOVIL,Chevrolet,Cruze,2009,35016,5
CAMIONETA,Toyota,Tacoma,2020,50618,683
AUTOMOVIL,Honda,Civic,2010,35605,4
AUTOMOVIL,Kia,Cerato,2021,39207,5
CAMIONETA,Chevrolet,Silverado,2011,48194,824
AUTOMOVIL,Nissan,Versa,2022,39796,4
AUTOMOVIL,Chevrolet,Cruze,2012,36783,5
CAMIONETA,Toyota,Tacoma,2023,52385,965
AUTOMOVIL,Honda,Civic,2013,37372,4
AUTOMOVIL,Kia,Cerato,2024,40974,5
CAMIONETA,Chevrolet,Silverado,2014,49961,1106
AUTOMOVIL,Nissan,Versa,2025,41563,4
AUTOMOVIL,Chevrolet,Cruze,2015,38550,5
CAMIONETA,Toyota,Tacoma,2005,47537,1247
AUTOMOVIL,Honda,Civic,2016,39139,4
AUTOMOVIL,Kia,Cerato,2006,36126,5
CAMIONETA,Chevrolet,Silverado,2017,51728,1388
AUTOMOVIL,Nissan,Versa,2007,36715,4
AUTOMOVIL,Chevrolet,Cruze,2018,40317,5
CAMIONETA,Toyota,Tacoma,2008,49304,1529
AUTOMOVIL,Honda,Civic,2019,40906,4
AUTOMOVIL,Kia,Cerato,2009,37893,5
CAMIONETA,Chevrolet,Silverado,2020,53495,1670
AUTOMOVIL,Nissan,Versa,2010,38482,4
AUTOMOVIL,Chevrolet,Cruze,2021,42084,5
CAMIONETA,Toyota,Tacoma,2011,51071,661
AUTOMOVIL,Honda,Civic,2022,42673,4
AUTOMOVIL,Kia,Cerato,2012,39660,5
CAMIONETA,Chevrolet,Silverado,2023,55262,802
AUTOMOVIL,Nissan,Versa,2013,40249,4
AUTOMOVIL,Chevrolet,Cruze,2024,43851,5
CAMIONETA,Toyota,Tacoma,2014,52838,943
AUTOMOVIL,Honda,Civic,2025,44440,4
AUTOMOVIL,Kia,Cerato,2015,41427,5
CAMIONETA,Chevrolet,Silverado,2005,50414,1084
AUTOMOVIL,Nissan,Versa,2016,42016,4
AUTOMOVIL,Chevrolet,Cruze,2006,39003,5
CAMIONETA,Toyota,Tacoma,2017,54605,1225
AUTOMOVIL,Honda,Civic,2007,39592,4
AUTOMOVIL,Kia,Cerato,2018,43194,5
CAMIONETA,Chevrolet,Silverado,2008,52181,1366
AUTOMOVIL,Nissan,Versa,2019,43783,4
AUTOMOVIL,Chevrolet,Cruze,2009,40770,5
CAMIONETA,Toyota,Tacoma,2020,56372,1507
AUTOMOVIL,Honda,Civic,2010,41359,4
AUTOMOVIL,Kia,Cerato,2021,44961,5
CAMIONETA,Chevrolet,Silverado,2011,53948,1648
AUTOMOVIL,Nissan,Versa,2022,45550,4
AUTOMOVIL,Chevrolet,Cruze,2012,42537,5
CAMIONETA,Toyota,Tacoma,2023,58139,1789
AUTOMOVIL,Honda,Civic,2013,43126,4
AUTOMOVIL,Kia,Cerato,2024,46728,5
CAMIONETA,Chevrolet,Silverado,2014,55715,780
AUTOMOVIL,Nissan,Versa,2025,47317,4
AUTOMOVIL,Chevrolet,Cruze,2015,44304,5
CAMIONETA,Toyota,Tacoma,2005,53291,921
AUTOMOVIL,Honda,Civic,2016,44893,4
AUTOMOVIL,Kia,Cerato,2006,41880,5
CAMIONETA,Chevrolet,Silverado,2017,57482,1062
AUTOMOVIL,Nissan,Versa,2007,42469,4
AUTOMOVIL,Chevrolet,Cruze,2018,46071,5
CAMIONETA,Toyota,Tacoma,2008,55058,1203
AUTOMOVIL,Honda,Civic,2019,46660,4
AUTOMOVIL,Kia,Cerato,2009,43647,5
CAMIONETA,Chevrolet,Silverado,2020,59249,1344
AUTOMOVIL,Nissan,Versa,2010,44236,4
AUTOMOVIL,Chevrolet,Cruze,2021,47838,5
CAMIONETA,Toyota,Tacoma,2011,56825,1485
AUTOMOVIL,Honda,Civic,2022,48427,4
AUTOMOVIL,Kia,Cerato,2012,45414,5
CAMIONETA,Chevrolet,Silverado,2023,61016,1626
AUTOMOVIL,Nissan,Versa,2013,46003,4
AUTOMOVIL,Chevrolet,Cruze,2024,49605,5
CAMIONETA,Toyota,Tacoma,2014,58592,1767
AUTOMOVIL,Honda,Civic,2025,50194,4
AUTOMOVIL,Kia,Cerato,2015,47181,5
CAMIONETA,Chevrolet,Silverado,2005,56168,758
AUTOMOVIL,Nissan,Versa,2016,47770,4
AUTOMOVIL,Chevrolet,Cruze,2006,44757,5
CAMIONETA,Toyota,Tacoma,2017,60359,899
AUTOMOVIL,Honda,Civic,2007,45346,4
AUTOMOVIL,Kia,Cerato,2018,48948,5
CAMIONETA,Chevrolet,Silverado,2008,57935,1040
AUTOMOVIL,Nissan,Versa,2019,49537,4
AUTOMOVIL,Chevrolet,Cruze,2009,46524,5
CAMIONETA,Toyota,Tacoma,2020,62126,1181
AUTOMOVIL,Honda,Civic,2010,47113,4
AUTOMOVIL,Kia,Cerato,2021,50715,5
CAMIONETA,Chevrolet,Silverado,2011,59702,1322
AUTOMOVIL,Nissan,Versa,2022,51304,4
AUTOMOVIL,Chevrolet,Cruze,2012,48291,5
CAMIONETA,Toyota,Tacoma,2023,63893,1463
AUTOMOVIL,Honda,Civic,2013,48880,4
AUTOMOVIL,Kia,Cerato,2024,52482,5
CAMIONETA,Chevrolet,Silverado,2014,61469,1604
AUTOMOVIL,Nissan,Versa,2025,53071,4
AUTOMOVIL,Chevrolet,Cruze,2015,50058,5
CAMIONETA,Toyota,Tacoma,2005,59045,1745
AUTOMOVIL,Honda,Civic,2016,50647,4
AUTOMOVIL,Kia,Cerato,2006,47634,5
CAMIONETA,Chevrolet,Silverado,2017,63236,736
AUTOMOVIL,Nissan,Versa,2007,48223,4
AUTOMOVIL,Chevrolet,Cruze,2018,51825,5
CAMIONETA,Toyota,Tacoma,2008,60812,877
AUTOMOVIL,Honda,Civic,2019,52414,4
AUTOMOVIL,Kia,Cerato,2009,49401,5
CAMIONETA,Chevrolet,Silverado,2020,65003,1018
AUTOMOVIL,Nissan,Versa,2010,49990,4
AUTOMOVIL,Chevrolet,Cruze,2021,53592,5
CAMIONETA,Toyota,Tacoma,2011,62579,1159
AUTOMOVIL,Honda,Civic,2022,54181,4
AUTOMOVIL,Kia,Cerato,2012,51168,5
CAMIONETA,Chevrolet,Silverado,2023,66770,1300
AUTOMOVIL,Nissan,Versa,2013,51757,4
AUTOMOVIL,Chevrolet,Cruze,2024,55359,5
CAMIONETA,Toyota,Tacoma,2014,64346,1441
AUTOMOVIL,Honda,Civic,2025,55948,4
AUTOMOVIL,Kia,Cerato,2015,52935,5
CAMIONETA,Chevrolet,Silverado,2005,61922,1582
AUTOMOVIL,Nissan,Versa,2016,53524,4
AUTOMOVIL,Chevrolet,Cruze,2006,50511,5
CAMIONETA,Toyota,Tacoma,2017,66113,1723
AUTOMOVIL,Honda,Civic,2007,51100,4
AUTOMOVIL,Kia,Cerato,2018,54702,5
CAMIONETA,Chevrolet,Silverado,2008,63689,714
AUTOMOVIL,Nissan,Versa,2019,55291,4
AUTOMOVIL,Chevrolet,Cruze,2009,52278,5
CAMIONETA,Toyota,Tacoma,2020,67880,855
AUTOMOVIL,Honda,Civic,2010,52867,4
AUTOMOVIL,Kia,Cerato,2021,56469,5
CAMIONETA,Chevrolet,Silverado,2011,65456,996
AUTOMOVIL,Nissan,Versa,2022,57058,4
AUTOMOVIL,Chevrolet,Cruze,2012,54045,5
CAMIONETA,Toyota,Tacoma,2023,69647,1137
AUTOMOVIL,Honda,Civic,2013,54634,4
AUTOMOVIL,Kia,Cerato,2024,58236,5
CAMIONETA,Chevrolet,Silverado,2014,67223,1278
AUTOMOVIL,Nissan,Versa,2025,58825,4
AUTOMOVIL,Chevrolet,Cruze,2015,55812,5
CAMIONETA,Toyota,Tacoma,2005,64799,1419
AUTOMOVIL,Honda,Civic,2016,56401,4
AUTOMOVIL,Kia,Cerato,2006,53388,5
CAMIONETA,Chevrolet,Silverado,2017,68990,1560
AUTOMOVIL,Nissan,Versa,2007,53977,4
AUTOMOVIL,Chevrolet,Cruze,2018,57579,5
CAMIONETA,Toyota,Tacoma,2008,66566,1701
AUTOMOVIL,Honda,Civic,2019,58168,4
AUTOMOVIL,Kia,Cerato,2009,55155,5
CAMIONETA,Chevrolet,Silverado,2020,70757,692
AUTOMOVIL,Nissan,Versa,2010,55744,4
AUTOMOVIL,Chevrolet,Cruze,2021,59346,5
CAMIONETA,Toyota,Tacoma,2011,68333,833
AUTOMOVIL,Honda,Civic,2022,17935,4
AUTOMOVIL,Kia,Cerato,2012,14922,5
CAMIONETA,Chevrolet,Silverado,2023,30524,974
AUTOMOVIL,Nissan,Versa,2013,15511,4
AUTOMOVIL,Chevrolet,Cruze,2024,19113,5
CAMIONETA,Toyota,Tacoma,2014,28100,1115
AUTOMOVIL,Honda,Civic,2025,19702,4
AUTOMOVIL,Kia,Cerato,2015,16689,5
CAMIONETA,Chevrolet,Silverado,2005,25676,1256
AUTOMOVIL,Nissan,Versa,2016,17278,4
AUTOMOVIL,Chevrolet,Cruze,2006,14265,5
CAMIONETA,Toyota,Tacoma,2017,29867,1397
AUTOMOVIL,Honda,Civic,2007,14854,4
AUTOMOVIL,Kia,Cerato,2018,18456,5
CAMIONETA,Chevrolet,Silverado,2008,27443,1538
AUTOMOVIL,Nissan,Versa,2019,19045,4
AUTOMOVIL,Chevrolet,Cruze,2009,16032,5
CAMIONETA,Toyota,Tacoma,2020,31634,1679
AUTOMOVIL,Honda,Civic,2010,16621,4
AUTOMOVIL,Kia,Cerato,2021,20223,5
CAMIONETA,Chevrolet,Silverado,2011,29210,670
AUTOMOVIL,Nissan,Versa,2022,20812,4
AUTOMOVIL,Chevrolet,Cruze,2012,17799,5
CAMIONETA,Toyota,Tacoma,2023,33401,811
AUTOMOVIL,Honda,Civic,2013,18388,4
AUTOMOVIL,Kia,Cerato,2024,21990,5
CAMIONETA,Chevrolet,Silverado,2014,30977,952
AUTOMOVIL,Nissan,Versa,2025,22579,4
AUTOMOVIL,Chevrolet,Cruze,2015,19566,5
CAMIONETA,Toyota,Tacoma,2005,28553,1093
AUTOMOVIL,Honda,Civic,2016,20155,4
AUTOMOVIL,Kia,Cerato,2006,17142,5
CAMIONETA,Chevrolet,Silverado,2017,32744,1234
AUTOMOVIL,Nissan,Versa,2007,17731,4
AUTOMOVIL,Chevrolet,Cruze,2018,21333,5
CAMIONETA,Toyota,Tacoma,2008,30320,1375
AUTOMOVIL,Honda,Civic,2019,21922,4
AUTOMOVIL,Kia,Cerato,2009,18909,5
CAMIONETA,Chevrolet,Silverado,2020,34511,1516
AUTOMOVIL,Nissan,Versa,2010,19498,4
AUTOMOVIL,Chevrolet,Cruze,2021,23100,5
CAMIONETA,Toyota,Tacoma,2011,32087,1657
AUTOMOVIL,Honda,Civic,2022,23689,4
AUTOMOVIL,Kia,Cerato,2012,20676,5
CAMIONETA,Chevrolet,Silverado,2023,36278,1798
AUTOMOVIL,Nissan,Versa,2013,21265,4
AUTOMOVIL,Chevrolet,Cruze,2024,24867,5
CAMIONETA,Toyota,Tacoma,2014,33854,789
AUTOMOVIL,Honda,Civic,2025,25456,4
AUTOMOVIL,Kia,Cerato,2015,22443,5
CAMIONETA,Chevrolet,Silverado,2005,31430,930
AUTOMOVIL,Nissan,Versa,2016,23032,4
AUTOMOVIL,Chevrolet,Cruze,2006,20019,5
CAMIONETA,Toyota,Tacoma,2017,35621,1071
AUTOMOVIL,Honda,Civic,2007,20608,4
AUTOMOVIL,Kia,Cerato,2018,24210,5
CAMIONETA,Chevrolet,Silverado,2008,33197,1212
AUTOMOVIL,Nissan,Versa,2019,24799,4
AUTOMOVIL,Chevrolet,Cruze,2009,21786,5
CAMIONETA,Toyota,Tacoma,2020,37388,1353
AUTOMOVIL,Honda,Civic,2010,22375,4
AUTOMOVIL,Kia,Cerato,2021,25977,5
CAMIONETA,Chevrolet,Silverado,2011,34964,1494
AUTOMOVIL,Nissan,Versa,2022,26566,4
AUTOMOVIL,Chevrolet,Cruze,2012,23553,5
CAMIONETA,Toyota,Tacoma,2023,39155,1635
AUTOMOVIL,Honda,Civic,2013,24142,4
AUTOMOVIL,Kia,Cerato,2024,27744,5
CAMIONETA,Chevrolet,Silverado,2014,36731,1776
AUTOMOVIL,Nissan,Versa,2025,28333,4
AUTOMOVIL,Chevrolet,Cruze,2015,25320,5
CAMIONETA,Toyota,Tacoma,2005,34307,767
AUTOMOVIL,Honda,Civic,2016,25909,4
AUTOMOVIL,Kia,Cerato,2006,22896,5
CAMIONETA,Chevrolet,Silverado,2017,38498,908
AUTOMOVIL,Nissan,Versa,2007,23485,4
AUTOMOVIL,Chevrolet,Cruze,2018,27087,5
CAMIONETA,Toyota,Tacoma,2008,36074,1049
AUTOMOVIL,Honda,Civic,2019,27676,4
AUTOMOVIL,Kia,Cerato,2009,24663,5
CAMIONETA,Chevrolet,Silverado,2020,40265,1190
AUTOMOVIL,Nissan,Versa,2010,25252,4
AUTOMOVIL,Chevrolet,Cruze,2021,28854,5
CAMIONETA,Toyota,Tacoma,2011,37841,1331
AUTOMOVIL,Honda,Civic,2022,29443,4
AUTOMOVIL,Kia,Cerato,2012,26430,5
CAMIONETA,Chevrolet,Silverado,2023,42032,1472
AUTOMOVIL,Nissan,Versa,2013,27019,4
AUTOMOVIL,Chevrolet,Cruze,2024,30621,5
CAMIONETA,Toyota,Tacoma,2014,39608,1613
AUTOMOVIL,Honda,Civic,2025,31210,4
AUTOMOVIL,Kia,Cerato,2015,28197,5
CAMIONETA,Chevrolet,Silverado,2005,37184,1754
AUTOMOVIL,Nissan,Versa,2016,28786,4
AUTOMOVIL,Chevrolet,Cruze,2006,25773,5
CAMIONETA,Toyota,Tacoma,2017,41375,745
AUTOMOVIL,Honda,Civic,2007,26362,4
AUTOMOVIL,Kia,Cerato,2018,29964,5
CAMIONETA,Chevrolet,Silverado,2008,38951,886
AUTOMOVIL,Nissan,Versa,2019,30553,4
AUTOMOVIL,Chevrolet,Cruze,2009,27540,5
CAMIONETA,Toyota,Tacoma,2020,43142,1027
AUTOMOVIL,Honda,Civic,2010,28129,4
AUTOMOVIL,Kia,Cerato,2021,31731,5
CAMIONETA,Chevrolet,Silverado,2011,40718,1168
AUTOMOVIL,Nissan,Versa,2022,32320,4
AUTOMOVIL,Chevrolet,Cruze,2012,29307,5
CAMIONETA,Toyota,Tacoma,2023,44909,1309
AUTOMOVIL,Honda,Civic,2013,29896,4
AUTOMOVIL,Kia,Cerato,2024,33498,5
CAMIONETA,Chevrolet,Silverado,2014,42485,1450
AUTOMOVIL,Nissan,Versa,2025,34087,4
AUTOMOVIL,Chevrolet,Cruze,2015,31074,5
CAMIONETA,Toyota,Tacoma,2005,40061,1591
AUTOMOVIL,Honda,Civic,2016,31663,4
AUTOMOVIL,Kia,Cerato,2006,28650,5
CAMIONETA,Chevrolet,Silverado,2017,44252,1732
AUTOMOVIL,Nissan,Versa,2007,29239,4
AUTOMOVIL,Chevrolet,Cruze,2018,32841,5
CAMIONETA,Toyota,Tacoma,2008,41828,723
AUTOMOVIL,Honda,Civic,2019,33430,4
AUTOMOVIL,Kia,Cerato,2009,30417,5
CAMIONETA,Chevrolet,Silverado,2020,46019,864
AUTOMOVIL,Nissan,Versa,2010,31006,4
AUTOMOVIL,Chevrolet,Cruze,2021,34608,5
CAMIONETA,Toyota,Tacoma,2011,43595,1005
AUTOMOVIL,Honda,Civic,2022,35197,4
AUTOMOVIL,Kia,Cerato,2012,32184,5
CAMIONETA,Chevrolet,Silverado,2023,47786,1146
AUTOMOVIL,Nissan,Versa,2013,32773,4
AUTOMOVIL,Chevrolet,Cruze,2024,36375,5
CAMIONETA,Toyota,Tacoma,2014,45362,1287
AUTOMOVIL,Honda,Civic,2025,36964,4
AUTOMOVIL,Kia,Cerato,2015,33951,5
CAMIONETA,Chevrolet,Silverado,2005,42938,1428
AUTOMOVIL,Nissan,Versa,2016,34540,4
AUTOMOVIL,Chevrolet,Cruze,2006,31527,5
CAMIONETA,Toyota,Tacoma,2017,47129,1569
AUTOMOVIL,Honda,Civic,2007,32116,4
AUTOMOVIL,Kia,Cerato,2018,35718,5
CAMIONETA,Chevrolet,Silverado,2008,44705,1710
AUTOMOVIL,Nissan,Versa,2019,36307,4
AUTOMOVIL,Chevrolet,Cruze,2009,33294,5
CAMIONETA,Toyota,Tacoma,2020,48896,701
AUTOMOVIL,Honda,Civic,2010,33883,4
AUTOMOVIL,Kia,Cerato,2021,37485,5
CAMIONETA,Chevrolet,Silverado,2011,46472,842
AUTOMOVIL,Nissan,Versa,2022,38074,4
AUTOMOVIL,Chevrolet,Cruze,2012,35061,5
CAMIONETA,Toyota,Tacoma,2023,50663,983
AUTOMOVIL,Honda,Civic,2013,35650,4
AUTOMOVIL,Kia,Cerato,2024,39252,5
CAMIONETA,Chevrolet,Silverado,2014,48239,1124
AUTOMOVIL,Nissan,Versa,2025,39841,4
AUTOMOVIL,Chevrolet,Cruze,2015,36828,5
CAMIONETA,Toyota,Tacoma,2005,45815,1265
AUTOMOVIL,Honda,Civic,2016,37417,4
AUTOMOVIL,Kia,Cerato,2006,34404,5
CAMIONETA,Chevrolet,Silverado,2017,50006,1406
AUTOMOVIL,Nissan,Versa,2007,34993,4
AUTOMOVIL,Chevrolet,Cruze,2018,38595,5
CAMIONETA,Toyota,Tacoma,2008,47582,1547
AUTOMOVIL,Honda,Civic,2019,39184,4
AUTOMOVIL,Kia,Cerato,2009,36171,5
CAMIONETA,Chevrolet,Silverado,2020,51773,1688
AUTOMOVIL,Nissan,Versa,2010,36760,4
AUTOMOVIL,Chevrolet,Cruze,2021,40362,5
CAMIONETA,Toyota,Tacoma,2011,49349,679
AUTOMOVIL,Honda,Civic,2022,40951,4
AUTOMOVIL,Kia,Cerato,2012,37938,5
CAMIONETA,Chevrolet,Silverado,2023,53540,820
AUTOMOVIL,Nissan,Versa,2013,38527,4
AUTOMOVIL,Chevrolet,Cruze,2024,42129,5
CAMIONETA,Toyota,Tacoma,2014,51116,961
AUTOMOVIL,Honda,Civic,2025,42718,4
AUTOMOVIL,Kia,Cerato,2015,39705,5
CAMIONETA,Chevrolet,Silverado,2005,48692,1102
AUTOMOVIL,Nissan,Versa,2016,40294,4
AUTOMOVIL,Chevrolet,Cruze,2006,37281,5
CAMIONETA,Toyota,Tacoma,2017,52883,1243
AUTOMOVIL,Honda,Civic,2007,37870,4
AUTOMOVIL,Kia,Cerato,2018,41472,5
CAMIONETA,Chevrolet,Silverado,2008,50459,1384
AUTOMOVIL,Nissan,Versa,2019,42061,4
AUTOMOVIL,Chevrolet,Cruze,2009,39048,5
CAMIONETA,Toyota,Tacoma,2020,54650,1525
AUTOMOVIL,Honda,Civic,2010,39637,4
AUTOMOVIL,Kia,Cerato,2021,43239,5
CAMIONETA,Chevrolet,Silverado,2011,52226,1666
AUTOMOVIL,Nissan,Versa,2022,43828,4
AUTOMOVIL,Chevrolet,Cruze,2012,40815,5
CAMIONETA,Toyota,Tacoma,2023,56417,657
AUTOMOVIL,Honda,Civic,2013,41404,4
AUTOMOVIL,Kia,Cerato,2024,45006,5
CAMIONETA,Chevrolet,Silverado,2014,53993,798
AUTOMOVIL,Nissan,Versa,2025,45595,4
AUTOMOVIL,Chevrolet,Cruze,2015,42582,5
CAMIONETA,Toyota,Tacoma,2005,51569,939
AUTOMOVIL,Honda,Civic,2016,43171,4
AUTOMOVIL,Kia,Cerato,2006,40158,5
CAMIONETA,Chevrolet,Silverado,2017,55760,1080
AUTOMOVIL,Nissan,Versa,2007,40747,4
AUTOMOVIL,Chevrolet,Cruze,2018,44349,5
CAMIONETA,Toyota,Tacoma,2008,53336,1221
AUTOMOVIL,Honda,Civic,2019,44938,4
AUTOMOVIL,Kia,Cerato,2009,41925,5
CAMIONETA,Chevrolet,Silverado,2020,57527,1362
AUTOMOVIL,Nissan,Versa,2010,42514,4
AUTOMOVIL,Chevrolet,Cruze,2021,46116,5
CAMIONETA,Toyota,Tacoma,2011,55103,1503
AUTOMOVIL,Honda,Civic,2022,46705,4
AUTOMOVIL,Kia,Cerato,2012,43692,5
CAMIONETA,Chevrolet,Silverado,2023,59294,1644
AUTOMOVIL,Nissan,Versa,2013,44281,4
AUTOMOVIL,Chevrolet,Cruze,2024,47883,5
CAMIONETA,Toyota,Tacoma,2014,56870,1785
AUTOMOVIL,Honda,Civic,2025,48472,4
AUTOMOVIL,Kia,Cerato,2015,45459,5
CAMIONETA,Chevrolet,Silverado,2005,54446,776
AUTOMOVIL,Nissan,Versa,2016,46048,4
AUTOMOVIL,Chevrolet,Cruze,2006,43035,5
CAMIONETA,Toyota,Tacoma,2017,58637,917
AUTOMOVIL,Honda,Civic,2007,43624,4
AUTOMOVIL,Kia,Cerato,2018,47226,5
CAMIONETA,Chevrolet,Silverado,2008,56213,1058
AUTOMOVIL,Nissan,Versa,2019,47815,4
AUTOMOVIL,Chevrolet,Cruze,2009,44802,5
CAMIONETA,Toyota,Tacoma,2020,60404,1199
AUTOMOVIL,Honda,Civic,2010,45391,4
AUTOMOVIL,Kia,Cerato,2021,48993,5
CAMIONETA,Chevrolet,Silverado,2011,57980,1340
AUTOMOVIL,Nissan,Versa,2022,49582,4
AUTOMOVIL,Chevrolet,Cruze,2012,46569,5
CAMIONETA,Toyota,Tacoma,2023,62171,1481
AUTOMOVIL,Honda,Civic,2013,47158,4
AUTOMOVIL,Kia,Cerato,2024,50760,5
CAMIONETA,Chevrolet,Silverado,2014,59747,1622
AUTOMOVIL,Nissan,Versa,2025,51349,4
AUTOMOVIL,Chevrolet,Cruze,2015,48336,5
CAMIONETA,Toyota,Tacoma,2005,57323,1763
AUTOMOVIL,Honda,Civic,2016,48925,4
AUTOMOVIL,Kia,Cerato,2006,45912,5
CAMIONETA,Chevrolet,Silverado,2017,61514,754
AUTOMOVIL,Nissan,Versa,2007,46501,4
AUTOMOVIL,Chevrolet,Cruze,2018,50103,5
CAMIONETA,Toyota,Tacoma,2008,59090,895
AUTOMOVIL,Honda,Civic,2019,50692,4
AUTOMOVIL,Kia,Cerato,2009,47679,5
CAMIONETA,Chevrolet,Silverado,2020,63281,1036
AUTOMOVIL,Nissan,Versa,2010,48268,4
AUTOMOVIL,Chevrolet,Cruze,2021,51870,5
CAMIONETA,Toyota,Tacoma,2011,60857,1177
AUTOMOVIL,Honda,Civic,2022,52459,4
AUTOMOVIL,Kia,Cerato,2012,49446,5
CAMIONETA,Chevrolet,Silverado,2023,65048,1318
AUTOMOVIL,Nissan,Versa,2013,50035,4
AUTOMOVIL,Chevrolet,Cruze,2024,53637,5
CAMIONETA,Toyota,Tacoma,2014,62624,1459
AUTOMOVIL,Honda,Civic,2025,54226,4
AUTOMOVIL,Kia,Cerato,2015,51213,5
CAMIONETA,Chevrolet,Silverado,2005,60200,1600
AUTOMOVIL,Nissan,Versa,2016,51802,4
AUTOMOVIL,Chevrolet,Cruze,2006,48789,5
CAMIONETA,Toyota,Tacoma,2017,64391,1741
AUTOMOVIL,Honda,Civic,2007,49378,4
AUTOMOVIL,Kia,Cerato,2018,52980,5
CAMIONETA,Chevrolet,Silverado,2008,61967,732
AUTOMOVIL,Nissan,Versa,2019,53569,4
AUTOMOVIL,Chevrolet,Cruze,2009,50556,5
CAMIONETA,Toyota,Tacoma,2020,66158,873
AUTOMOVIL,Honda,Civic,2010,51145,4
AUTOMOVIL,Kia,Cerato,2021,54747,5
CAMIONETA,Chevrolet,Silverado,2011,63734,1014
AUTOMOVIL,Nissan,Versa,2022,55336,4
AUTOMOVIL,Chevrolet,Cruze,2012,52323,5
CAMIONETA,Toyota,Tacoma,2023,67925,1155
AUTOMOVIL,Honda,Civic,2013,52912,4
AUTOMOVIL,Kia,Cerato,2024,56514,5
CAMIONETA,Chevrolet,Silverado,2014,65501,1296
AUTOMOVIL,Nissan,Versa,2025,57103,4
AUTOMOVIL,Chevrolet,Cruze,2015,54090,5
CAMIONETA,Toyota,Tacoma,2005,63077,1437
AUTOMOVIL,Honda,Civic,2016,54679,4
AUTOMOVIL,Kia,Cerato,2006,51666,5
CAMIONETA,Chevrolet,Silverado,2017,67268,1578
AUTOMOVIL,Nissan,Versa,2007,52255,4
AUTOMOVIL,Chevrolet,Cruze,2018,55857,5
CAMIONETA,Toyota,Tacoma,2008,64844,1719
AUTOMOVIL,Honda,Civic,2019,56446,4
AUTOMOVIL,Kia,Cerato,2009,53433,5
CAMIONETA,Chevrolet,Silverado,2020,69035,710
AUTOMOVIL,Nissan,Versa,2010,54022,4
AUTOMOVIL,Chevrolet,Cruze,2021,57624,5
CAMIONETA,Toyota,Tacoma,2011,66611,851
AUTOMOVIL,Honda,Civic,2022,58213,4
AUTOMOVIL,Kia,Cerato,2012,55200,5
CAMIONETA,Chevrolet,Silverado,2023,70802,992
AUTOMOVIL,Nissan,Versa,2013,55789,4
AUTOMOVIL,Chevrolet,Cruze,2024,59391,5
CAMIONETA,Toyota,Tacoma,2014,68378,1133
AUTOMOVIL,Honda,Civic,2025,59980,4
AUTOMOVIL,Kia,Cerato,2015,56967,5
CAMIONETA,Chevrolet,Silverado,2005,65954,1274
AUTOMOVIL,Nissan,Versa,2016,57556,4
AUTOMOVIL,Chevrolet,Cruze,2006,54543,5
CAMIONETA,Toyota,Tacoma,2017,70145,1415
AUTOMOVIL,Honda,Civic,2007,13132,4
AUTOMOVIL,Kia,Cerato,2018,16734,5
CAMIONETA,Chevrolet,Silverado,2008,25721,1556
AUTOMOVIL,Nissan,Versa,2019,17323,4
AUTOMOVIL,Chevrolet,Cruze,2009,14310,5
CAMIONETA,Toyota,Tacoma,2020,29912,1697
AUTOMOVIL,Honda,Civic,2010,14899,4
AUTOMOVIL,Kia,Cerato,2021,18501,5
CAMIONETA,Chevrolet,Silverado,2011,27488,688
AUTOMOVIL,Nissan,Versa,2022,19090,4
AUTOMOVIL,Chevrolet,Cruze,2012,16077,5
CAMIONETA,Toyota,Tacoma,2023,31679,829
AUTOMOVIL,Honda,Civic,2013,16666,4
AUTOMOVIL,Kia,Cerato,2024,20268,5
CAMIONETA,Chevrolet,Silverado,2014,29255,970
AUTOMOVIL,Nissan,Versa,2025,20857,4
AUTOMOVIL,Chevrolet,Cruze,2015,17844,5
CAMIONETA,Toyota,Tacoma,2005,26831,1111
AUTOMOVIL,Honda,Civic,2016,18433,4
AUTOMOVIL,Kia,Cerato,2006,15420,5
CAMIONETA,Chevrolet,Silverado,2017,31022,1252
AUTOMOVIL,Nissan,Versa,2007,16009,4
AUTOMOVIL,Chevrolet,Cruze,2018,19611,5
CAMIONETA,Toyota,Tacoma,2008,28598,1393
AUTOMOVIL,Honda,Civic,2019,20200,4
AUTOMOVIL,Kia,Cerato,2009,17187,5
CAMIONETA,Chevrolet,Silverado,2020,32789,1534
AUTOMOVIL,Nissan,Versa,2010,17776,4
AUTOMOVIL,Chevrolet,Cruze,2021,21378,5
CAMIONETA,Toyota,Tacoma,2011,30365,1675
AUTOMOVIL,Honda,Civic,2022,21967,4
AUTOMOVIL,Kia,Cerato,2012,18954,5
CAMIONETA,Chevrolet,Silverado,2023,34556,666
AUTOMOVIL,Nissan,Versa,2013,19543,4
AUTOMOVIL,Chevrolet,Cruze,2024,23145,5
CAMIONETA,Toyota,Tacoma,2014,32132,807
AUTOMOVIL,Honda,Civic,2025,23734,4
AUTOMOVIL,Kia,Cerato,2015,20721,5
CAMIONETA,Chevrolet,Silverado,2005,29708,948
AUTOMOVIL,Nissan,Versa,2016,21310,4
AUTOMOVIL,Chevrolet,Cruze,2006,18297,5
CAMIONETA,Toyota,Tacoma,2017,33899,1089
AUTOMOVIL,Honda,Civic,2007,18886,4
AUTOMOVIL,Kia,Cerato,2018,22488,5
CAMIONETA,Chevrolet,Silverado,2008,31475,1230
AUTOMOVIL,Nissan,Versa,2019,23077,4
AUTOMOVIL,Chevrolet,Cruze,2009,20064,5
CAMIONETA,Toyota,Tacoma,2020,35666,1371
AUTOMOVIL,Honda,Civic,2010,20653,4
AUTOMOVIL,Kia,Cerato,2021,24255,5
CAMIONETA,Chevrolet,Silverado,2011,33242,1512
AUTOMOVIL,Nissan,Versa,2022,24844,4
AUTOMOVIL,Chevrolet,Cruze,2012,21831,5
CAMIONETA,Toyota,Tacoma,2023,37433,1653
AUTOMOVIL,Honda,Civic,2013,22420,4
AUTOMOVIL,Kia,Cerato,2024,26022,5
CAMIONETA,Chevrolet,Silverado,2014,35009,1794
AUTOMOVIL,Nissan,Versa,2025,26611,4
AUTOMOVIL,Chevrolet,Cruze,2015,23598,5
CAMIONETA,Toyota,Tacoma,2005,32585,785
AUTOMOVIL,Honda,Civic,2016,24187,4
AUTOMOVIL,Kia,Cerato,2006,21174,5
CAMIONETA,Chevrolet,Silverado,2017,36776,926
AUTOMOVIL,Nissan,Versa,2007,21763,4
AUTOMOVIL,Chevrolet,Cruze,2018,25365,5
CAMIONETA,Toyota,Tacoma,2008,34352,1067
AUTOMOVIL,Honda,Civic,2019,25954,4
AUTOMOVIL,Kia,Cerato,2009,22941,5
CAMIONETA,Chevrolet,Silverado,2020,38543,1208
AUTOMOVIL,Nissan,Versa,2010,23530,4
AUTOMOVIL,Chevrolet,Cruze,2021,27132,5
CAMIONETA,Toyota,Tacoma,2011,36119,1349
AUTOMOVIL,Honda,Civic,2022,27721,4
AUTOMOVIL,Kia,Cerato,2012,24708,5
CAMIONETA,Chevrolet,Silverado,2023,40310,1490
AUTOMOVIL,Nissan,Versa,2013,25297,4
AUTOMOVIL,Chevrolet,Cruze,2024,28899,5
CAMIONETA,Toyota,Tacoma,2014,37886,1631
AUTOMOVIL,Honda,Civic,2025,29488,4
AUTOMOVIL,Kia,Cerato,2015,26475,5
CAMIONETA,Chevrolet,Silverado,2005,35462,1772
AUTOMOVIL,Nissan,Versa,2016,27064,4
AUTOMOVIL,Chevrolet,Cruze,2006,24051,5
CAMIONETA,Toyota,Tacoma,2017,39653,763
AUTOMOVIL,Honda,Civic,2007,24640,4
AUTOMOVIL,Kia,Cerato,2018,28242,5
CAMIONETA,Chevrolet,Silverado,2008,37229,904
AUTOMOVIL,Nissan,Versa,2019,28831,4
AUTOMOVIL,Chevrolet,Cruze,2009,25818,5
CAMIONETA,Toyota,Tacoma,2020,41420,1045
AUTOMOVIL,Honda,Civic,2010,26407,4
AUTOMOVIL,Kia,Cerato,2021,30009,5
CAMIONETA,Chevrolet,Silverado,2011,38996,1186
AUTOMOVIL,Nissan,Versa,2022,30598,4
AUTOMOVIL,Chevrolet,Cruze,2012,27585,5
CAMIONETA,Toyota,Tacoma,2023,43187,1327
AUTOMOVIL,Honda,Civic,2013,28174,4
AUTOMOVIL,Kia,Cerato,2024,31776,5
CAMIONETA,Chevrolet,Silverado,2014,40763,1468
AUTOMOVIL,Nissan,Versa,2025,32365,4
AUTOMOVIL,Chevrolet,Cruze,2015,29352,5
CAMIONETA,Toyota,Tacoma,2005,38339,1609
AUTOMOVIL,Honda,Civic,2016,29941,4
AUTOMOVIL,Kia,Cerato,2006,26928,5
CAMIONETA,Chevrolet,Silverado,2017,42530,1750
AUTOMOVIL,Nissan,Versa,2007,27517,4
AUTOMOVIL,Chevrolet,Cruze,2018,31119,5
CAMIONETA,Toyota,Tacoma,2008,40106,741
AUTOMOVIL,Honda,Civic,2019,31708,4
AUTOMOVIL,Kia,Cerato,2009,28695,5
CAMIONETA,Chevrolet,Silverado,2020,44297,882
AUTOMOVIL,Nissan,Versa,2010,29284,4
AUTOMOVIL,Chevrolet,Cruze,2021,32886,5
CAMIONETA,Toyota,Tacoma,2011,41873,1023
AUTOMOVIL,Honda,Civic,2022,33475,4
AUTOMOVIL,Kia,Cerato,2012,30462,5
CAMIONETA,Chevrolet,Silverado,2023,46064,1164
AUTOMOVIL,Nissan,Versa,2013,31051,4
AUTOMOVIL,Chevrolet,Cruze,2024,34653,5
CAMIONETA,Toyota,Tacoma,2014,43640,1305
AUTOMOVIL,Honda,Civic,2025,35242,4
AUTOMOVIL,Kia,Cerato,2015,32229,5
CAMIONETA,Chevrolet,Silverado,2005,41216,1446
AUTOMOVIL,Nissan,Versa,2016,32818,4
AUTOMOVIL,Chevrolet,Cruze,2006,29805,5
CAMIONETA,Toyota,Tacoma,2017,45407,1587
AUTOMOVIL,Honda,Civic,2007,30394,4
AUTOMOVIL,Kia,Cerato,2018,33996,5
CAMIONETA,Chevrolet,Silverado,2008,42983,1728
AUTOMOVIL,Nissan,Versa,2019,34585,4
AUTOMOVIL,Chevrolet,Cruze,2009,31572,5
CAMIONETA,Toyota,Tacoma,2020,47174,719
AUTOMOVIL,Honda,Civic,2010,32161,4
AUTOMOVIL,Kia,Cerato,2021,35763,5
CAMIONETA,Chevrolet,Silverado,2011,44750,860
AUTOMOVIL,Nissan,Versa,2022,36352,4
AUTOMOVIL,Chevrolet,Cruze,2012,33339,5
CAMIONETA,Toyota,Tacoma,2023,48941,1001
AUTOMOVIL,Honda,Civic,2013,33928,4
AUTOMOVIL,Kia,Cerato,2024,37530,5
CAMIONETA,Chevrolet,Silverado,2014,46517,1142
AUTOMOVIL,Nissan,Versa,2025,38119,4
AUTOMOVIL,Chevrolet,Cruze,2015,35106,5
CAMIONETA,Toyota,Tacoma,2005,44093,1283
AUTOMOVIL,Honda,Civic,2016,35695,4
AUTOMOVIL,Kia,Cerato,2006,32682,5
CAMIONETA,Chevrolet,Silverado,2017,48284,1424
AUTOMOVIL,Nissan,Versa,2007,33271,4
AUTOMOVIL,Chevrolet,Cruze,2018,36873,5
CAMIONETA,Toyota,Tacoma,2008,45860,1565
AUTOMOVIL,Honda,Civic,2019,37462,4
AUTOMOVIL,Kia,Cerato,2009,34449,5
CAMIONETA,Chevrolet,Silverado,2020,50051,1706
AUTOMOVIL,Nissan,Versa,2010,35038,4
AUTOMOVIL,Chevrolet,Cruze,2021,38640,5
CAMIONETA,Toyota,Tacoma,2011,47627,697
AUTOMOVIL,Honda,Civic,2022,39229,4
AUTOMOVIL,Kia,Cerato,2012,36216,5
CAMIONETA,Chevrolet,Silverado,2023,51818,838
AUTOMOVIL,Nissan,Versa,2013,36805,4
AUTOMOVIL,Chevrolet,Cruze,2024,40407,5
CAMIONETA,Toyota,Tacoma,2014,49394,979
AUTOMOVIL,Honda,Civic,2025,40996,4
AUTOMOVIL,Kia,Cerato,2015,37983,5
CAMIONETA,Chevrolet,Silverado,2005,46970,1120
AUTOMOVIL,Nissan,Versa,2016,38572,4
AUTOMOVIL,Chevrolet,Cruze,2006,35559,5
CAMIONETA,Toyota,Tacoma,2017,51161,1261
AUTOMOVIL,Honda,Civic,2007,36148,4
AUTOMOVIL,Kia,Cerato,2018,39750,5
CAMIONETA,Chevrolet,Silverado,2008,48737,1402
AUTOMOVIL,Nissan,Versa,2019,40339,4
AUTOMOVIL,Chevrolet,Cruze,2009,37326,5
CAMIONETA,Toyota,Tacoma,2020,52928,1543
AUTOMOVIL,Honda,Civic,2010,37915,4
AUTOMOVIL,Kia,Cerato,2021,41517,5
CAMIONETA,Chevrolet,Silverado,2011,50504,1684
AUTOMOVIL,Nissan,Versa,2022,42106,4
AUTOMOVIL,Chevrolet,Cruze,2012,39093,5
CAMIONETA,Toyota,Tacoma,2023,54695,675
AUTOMOVIL,Honda,Civic,2013,39682,4
AUTOMOVIL,Kia,Cerato,2024,43284,5
CAMIONETA,Chevrolet,Silverado,2014,52271,816
AUTOMOVIL,Nissan,Versa,2025,43873,4
AUTOMOVIL,Chevrolet,Cruze,2015,40860,5
CAMIONETA,Toyota,Tacoma,2005,49847,957
AUTOMOVIL,Honda,Civic,2016,41449,4
AUTOMOVIL,Kia,Cerato,2006,38436,5
CAMIONETA,Chevrolet,Silverado,2017,54038,1098
AUTOMOVIL,Nissan,Versa,2007,39025,4
AUTOMOVIL,Chevrolet,Cruze,2018,42627,5
CAMIONETA,Toyota,Tacoma,2008,51614,1239
AUTOMOVIL,Honda,Civic,2019,43216,4
AUTOMOVIL,Kia,Cerato,2009,40203,5
CAMIONETA,Chevrolet,Silverado,2020,55805,1380
AUTOMOVIL,Nissan,Versa,2010,40792,4
AUTOMOVIL,Chevrolet,Cruze,2021,44394,5
CAMIONETA,Toyota,Tacoma,2011,53381,1521
AUTOMOVIL,Honda,Civic,2022,44983,4
AUTOMOVIL,Kia,Cerato,2012,41970,5
CAMIONETA,Chevrolet,Silverado,2023,57572,1662
AUTOMOVIL,Nissan,Versa,2013,42559,4
AUTOMOVIL,Chevrolet,Cruze,2024,46161,5
CAMIONETA,Toyota,Tacoma,2014,55148,653
AUTOMOVIL,Honda,Civic,2025,46750,4
AUTOMOVIL,Kia,Cerato,2015,43737,5
CAMIONETA,Chevrolet,Silverado,2005,52724,794
AUTOMOVIL,Nissan,Versa,2016,44326,4
AUTOMOVIL,Chevrolet,Cruze,2006,41313,5
CAMIONETA,Toyota,Tacoma,2017,56915,935
AUTOMOVIL,Honda,Civic,2007,41902,4
AUTOMOVIL,Kia,Cerato,2018,45504,5
CAMIONETA,Chevrolet,Silverado,2008,54491,1076
AUTOMOVIL,Nissan,Versa,2019,46093,4
AUTOMOVIL,Chevrolet,Cruze,2009,43080,5
CAMIONETA,Toyota,Tacoma,2020,58682,1217
AUTOMOVIL,Honda,Civic,2010,43669,4
AUTOMOVIL,Kia,Cerato,2021,47271,5
CAMIONETA,Chevrolet,Silverado,2011,56258,1358
AUTOMOVIL,Nissan,Versa,2022,47860,4
AUTOMOVIL,Chevrolet,Cruze,2012,44847,5
CAMIONETA,Toyota,Tacoma,2023,60449,1499
AUTOMOVIL,Honda,Civic,2013,45436,4
AUTOMOVIL,Kia,Cerato,2024,49038,5
CAMIONETA,Chevrolet,Silverado,2014,58025,1640
AUTOMOVIL,Nissan,Versa,2025,49627,4
AUTOMOVIL,Chevrolet,Cruze,2015,46614,5
CAMIONETA,Toyota,Tacoma,2005,55601,1781
AUTOMOVIL,Honda,Civic,2016,47203,4
AUTOMOVIL,Kia,Cerato,2006,44190,5
CAMIONETA,Chevrolet,Silverado,2017,59792,772
AUTOMOVIL,Nissan,Versa,2007,44779,4
AUTOMOVIL,Chevrolet,Cruze,2018,48381,5
CAMIONETA,Toyota,Tacoma,2008,57368,913
AUTOMOVIL,Honda,Civic,2019,48970,4
AUTOMOVIL,Kia,Cerato,2009,45957,5
CAMIONETA,Chevrolet,Silverado,2020,61559,1054
AUTOMOVIL,Nissan,Versa,2010,46546,4
AUTOMOVIL,Chevrolet,Cruze,2021,50148,5
CAMIONETA,Toyota,Tacoma,2011,59135,1195
AUTOMOVIL,Honda,Civic,2022,50737,4
AUTOMOVIL,Kia,Cerato,2012,47724,5
CAMIONETA,Chevrolet,Silverado,2023,63326,1336
AUTOMOVIL,Nissan,Versa,2013,48313,4
AUTOMOVIL,Chevrolet,Cruze,2024,51915,5
CAMIONETA,Toyota,Tacoma,2014,60902,1477
AUTOMOVIL,Honda,Civic,2025,52504,4
AUTOMOVIL,Kia,Cerato,2015,49491,5
CAMIONETA,Chevrolet,Silverado,2005,58478,1618
AUTOMOVIL,Nissan,Versa,2016,50080,4
AUTOMOVIL,Chevrolet,Cruze,2006,47067,5
CAMIONETA,Toyota,Tacoma,2017,62669,1759
AUTOMOVIL,Honda,Civic,2007,47656,4
AUTOMOVIL,Kia,Cerato,2018,51258,5
CAMIONETA,Chevrolet,Silverado,2008,60245,750
AUTOMOVIL,Nissan,Versa,2019,51847,4
AUTOMOVIL,Chevrolet,Cruze,2009,48834,5
CAMIONETA,Toyota,Tacoma,2020,64436,891
AUTOMOVIL,Honda,Civic,2010,49423,4
AUTOMOVIL,Kia,Cerato,2021,53025,5
CAMIONETA,Chevrolet,Silverado,2011,62012,1032
AUTOMOVIL,Nissan,Versa,2022,53614,4
AUTOMOVIL,Chevrolet,Cruze,2012,50601,5
CAMIONETA,Toyota,Tacoma,2023,66203,1173
AUTOMOVIL,Honda,Civic,2013,51190,4
AUTOMOVIL,Kia,Cerato,2024,54792,5
CAMIONETA,Chevrolet,Silverado,2014,63779,1314
AUTOMOVIL,Nissan,Versa,2025,55381,4
AUTOMOVIL,Chevrolet,Cruze,2015,52368,5
CAMIONETA,Toyota,Tacoma,2005,61355,1455
AUTOMOVIL,Honda,Civic,2016,52957,4
AUTOMOVIL,Kia,Cerato,2006,49944,5
CAMIONETA,Chevrolet,Silverado,2017,65546,1596
AUTOMOVIL,Nissan,Versa,2007,50533,4
AUTOMOVIL,Chevrolet,Cruze,2018,54135,5
CAMIONETA,Toyota,Tacoma,2008,63122,1737
AUTOMOVIL,Honda,Civic,2019,54724,4
AUTOMOVIL,Kia,Cerato,2009,51711,5
CAMIONETA,Chevrolet,Silverado,2020,67313,728
AUTOMOVIL,Nissan,Versa,2010,52300,4
AUTOMOVIL,Chevrolet,Cruze,2021,55902,5
CAMIONETA,Toyota,Tacoma,2011,64889,869
AUTOMOVIL,Honda,Civic,2022,56491,4
AUTOMOVIL,Kia,Cerato,2012,53478,5
CAMIONETA,Chevrolet,Silverado,2023,69080,1010
AUTOMOVIL,Nissan,Versa,2013,54067,4
AUTOMOVIL,Chevrolet,Cruze,2024,57669,5
CAMIONETA,Toyota,Tacoma,2014,66656,1151
AUTOMOVIL,Honda,Civic,2025,58258,4
AUTOMOVIL,Kia,Cerato,2015,55245,5
CAMIONETA,Chevrolet,Silverado,2005,64232,1292
AUTOMOVIL,Nissan,Versa,2016,55834,4
AUTOMOVIL,Chevrolet,Cruze,2006,52821,5
CAMIONETA,Toyota,Tacoma,2017,68423,1433
AUTOMOVIL,Honda,Civic,2007,53410,4
AUTOMOVIL,Kia,Cerato,2018,57012,5
CAMIONETA,Chevrolet,Silverado,2008,65999,1574
AUTOMOVIL,Nissan,Versa,2019,57601,4
AUTOMOVIL,Chevrolet,Cruze,2009,54588,5
CAMIONETA,Toyota,Tacoma,2020,70190,1715
AUTOMOVIL,Honda,Civic,2010,55177,4
AUTOMOVIL,Kia,Cerato,2021,58779,5
CAMIONETA,Chevrolet,Silverado,2011,67766,706
AUTOMOVIL,Nissan,Versa,2022,59368,4
AUTOMOVIL,Chevrolet,Cruze,2012,56355,5
CAMIONETA,Toyota,Tacoma,2023,71957,847
AUTOMOVIL,Honda,Civic,2013,56944,4
AUTOMOVIL,Kia,Cerato,2024,18546,5
CAMIONETA,Chevrolet,Silverado,2014,27533,988
AUTOMOVIL,Nissan,Versa,2025,19135,4
AUTOMOVIL,Chevrolet,Cruze,2015,16122,5
CAMIONETA,Toyota,Tacoma,2005,25109,1129
AUTOMOVIL,Honda,Civic,2016,16711,4
AUTOMOVIL,Kia,Cerato,2006,13698,5
CAMIONETA,Chevrolet,Silverado,2017,29300,1270
AUTOMOVIL,Nissan,Versa,2007,14287,4
AUTOMOVIL,Chevrolet,Cruze,2018,17889,5
CAMIONETA,Toyota,Tacoma,2008,26876,1411
AUTOMOVIL,Honda,Civic,2019,18478,4
AUTOMOVIL,Kia,Cerato,2009,15465,5
CAMIONETA,Chevrolet,Silverado,2020,31067,1552
AUTOMOVIL,Nissan,Versa,2010,16054,4
AUTOMOVIL,Chevrolet,Cruze,2021,19656,5
CAMIONETA,Toyota,Tacoma,2011,28643,1693
AUTOMOVIL,Honda,Civic,2022,20245,4
AUTOMOVIL,Kia,Cerato,2012,17232,5
CAMIONETA,Chevrolet,Silverado,2023,32834,684
AUTOMOVIL,Nissan,Versa,2013,17821,4
AUTOMOVIL,Chevrolet,Cruze,2024,21423,5
CAMIONETA,Toyota,Tacoma,2014,30410,825
AUTOMOVIL,Honda,Civic,2025,22012,4
AUTOMOVIL,Kia,Cerato,2015,18999,5
CAMIONETA,Chevrolet,Silverado,2005,27986,966
AUTOMOVIL,Nissan,Versa,2016,19588,4
AUTOMOVIL,Chevrolet,Cruze,2006,16575,5
CAMIONETA,Toyota,Tacoma,2017,32177,1107
AUTOMOVIL,Honda,Civic,2007,17164,4
AUTOMOVIL,Kia,Cerato,2018,20766,5
CAMIONETA,Chevrolet,Silverado,2008,29753,1248
AUTOMOVIL,Nissan,Versa,2019,21355,4
AUTOMOVIL,Chevrolet,Cruze,2009,18342,5
CAMIONETA,Toyota,Tacoma,2020,33944,1389
AUTOMOVIL,Honda,Civic,2010,18931,4
AUTOMOVIL,Kia,Cerato,2021,22533,5
CAMIONETA,Chevrolet,Silverado,2011,31520,1530
AUTOMOVIL,Nissan,Versa,2022,23122,4
AUTOMOVIL,Chevrolet,Cruze,2012,20109,5
CAMIONETA,Toyota,Tacoma,2023,35711,1671
AUTOMOVIL,Honda,Civic,2013,20698,4
AUTOMOVIL,Kia,Cerato,2024,24300,5
CAMIONETA,Chevrolet,Silverado,2014,33287,662
AUTOMOVIL,Nissan,Versa,2025,24889,4
AUTOMOVIL,Chevrolet,Cruze,2015,21876,5
CAMIONETA,Toyota,Tacoma,2005,30863,803
AUTOMOVIL,Honda,Civic,2016,22465,4
AUTOMOVIL,Kia,Cerato,2006,19452,5
CAMIONETA,Chevrolet,Silverado,2017,35054,944
AUTOMOVIL,Nissan,Versa,2007,20041,4
AUTOMOVIL,Chevrolet,Cruze,2018,23643,5
CAMIONETA,Toyota,Tacoma,2008,32630,1085
AUTOMOVIL,Honda,Civic,2019,24232,4
AUTOMOVIL,Kia,Cerato,2009,21219,5
CAMIONETA,Chevrolet,Silverado,2020,36821,1226
AUTOMOVIL,Nissan,Versa,2010,21808,4
AUTOMOVIL,Chevrolet,Cruze,2021,25410,5
CAMIONETA,Toyota,Tacoma,2011,34397,1367
AUTOMOVIL,Honda,Civic,2022,25999,4
AUTOMOVIL,Kia,Cerato,2012,22986,5
CAMIONETA,Chevrolet,Silverado,2023,38588,1508
AUTOMOVIL,Nissan,Versa,2013,23575,4
AUTOMOVIL,Chevrolet,Cruze,2024,27177,5
CAMIONETA,Toyota,Tacoma,2014,36164,1649
AUTOMOVIL,Honda,Civic,2025,27766,4
AUTOMOVIL,Kia,Cerato,2015,24753,5
CAMIONETA,Chevrolet,Silverado,2005,33740,1790
AUTOMOVIL,Nissan,Versa,2016,25342,4
AUTOMOVIL,Chevrolet,Cruze,2006,22329,5
CAMIONETA,Toyota,Tacoma,2017,37931,781
AUTOMOVIL,Honda,Civic,2007,22918,4
AUTOMOVIL,Kia,Cerato,2018,26520,5
CAMIONETA,Chevrolet,Silverado,2008,35507,922
AUTOMOVIL,Nissan,Versa,2019,27109,4
AUTOMOVIL,Chevrolet,Cruze,2009,24096,5
CAMIONETA,Toyota,Tacoma,2020,39698,1063
AUTOMOVIL,Honda,Civic,2010,24685,4
AUTOMOVIL,Kia,Cerato,2021,28287,5
CAMIONETA,Chevrolet,Silverado,2011,37274,1204
AUTOMOVIL,Nissan,Versa,2022,28876,4
AUTOMOVIL,Chevrolet,Cruze,2012,25863,5
CAMIONETA,Toyota,Tacoma,2023,41465,1345
AUTOMOVIL,Honda,Civic,2013,26452,4
AUTOMOVIL,Kia,Cerato,2024,30054,5
CAMIONETA,Chevrolet,Silverado,2014,39041,1486
AUTOMOVIL,Nissan,Versa,2025,30643,4
AUTOMOVIL,Chevrolet,Cruze,2015,27630,5
CAMIONETA,Toyota,Tacoma,2005,36617,1627
AUTOMOVIL,Honda,Civic,2016,28219,4
AUTOMOVIL,Kia,Cerato,2006,25206,5
CAMIONETA,Chevrolet,Silverado,2017,40808,1768
AUTOMOVIL,Nissan,Versa,2007,25795,4
AUTOMOVIL,Chevrolet,Cruze,2018,29397,5
CAMIONETA,Toyota,Tacoma,2008,38384,759
AUTOMOVIL,Honda,Civic,2019,29986,4
AUTOMOVIL,Kia,Cerato,2009,26973,5
CAMIONETA,Chevrolet,Silverado,2020,42575,900
AUTOMOVIL,Nissan,Versa,2010,27562,4
AUTOMOVIL,Chevrolet,Cruze,2021,31164,5
CAMIONETA,Toyota,Tacoma,2011,40151,1041
AUTOMOVIL,Honda,Civic,2022,31753,4
AUTOMOVIL,Kia,Cerato,2012,28740,5
CAMIONETA,Chevrolet,Silverado,2023,44342,1182
AUTOMOVIL,Nissan,Versa,2013,29329,4
AUTOMOVIL,Chevrolet,Cruze,2024,32931,5
CAMIONETA,Toyota,Tacoma,2014,41918,1323
AUTOMOVIL,Honda,Civic,2025,33520,4
AUTOMOVIL,Kia,Cerato,2015,30507,5
CAMIONETA,Chevrolet,Silverado,2005,39494,1464
AUTOMOVIL,Nissan,Versa,2016,31096,4
AUTOMOVIL,Chevrolet,Cruze,2006,28083,5
CAMIONETA,Toyota,Tacoma,2017,43685,1605
AUTOMOVIL,Honda,Civic,2007,28672,4
AUTOMOVIL,Kia,Cerato,2018,32274,5
CAMIONETA,Chevrolet,Silverado,2008,41261,1746
AUTOMOVIL,Nissan,Versa,2019,32863,4
AUTOMOVIL,Chevrolet,Cruze,2009,29850,5
CAMIONETA,Toyota,Tacoma,2020,45452,737
AUTOMOVIL,Honda,Civic,2010,30439,4
AUTOMOVIL,Kia,Cerato,2021,34041,5
CAMIONETA,Chevrolet,Silverado,2011,43028,878
AUTOMOVIL,Nissan,Versa,2022,34630,4
AUTOMOVIL,Chevrolet,Cruze,2012,31617,5
CAMIONETA,Toyota,Tacoma,2023,47219,1019
AUTOMOVIL,Honda,Civic,2013,32206,4
AUTOMOVIL,Kia,Cerato,2024,35808,5
CAMIONETA,Chevrolet,Silverado,2014,44795,1160
AUTOMOVIL,Nissan,Versa,2025,36397,4
AUTOMOVIL,Chevrolet,Cruze,2015,33384,5
CAMIONETA,Toyota,Tacoma,2005,42371,1301
AUTOMOVIL,Honda,Civic,2016,33973,4
AUTOMOVIL,Kia,Cerato,2006,30960,5
CAMIONETA,Chevrolet,Silverado,2017,46562,1442
AUTOMOVIL,Nissan,Versa,2007,31549,4
AUTOMOVIL,Chevrolet,Cruze,2018,35151,5
CAMIONETA,Toyota,Tacoma,2008,44138,1583
AUTOMOVIL,Honda,Civic,2019,35740,4
AUTOMOVIL,Kia,Cerato,2009,32727,5
CAMIONETA,Chevrolet,Silverado,2020,48329,1724
AUTOMOVIL,Nissan,Versa,2010,33316,4
AUTOMOVIL,Chevrolet,Cruze,2021,36918,5
CAMIONETA,Toyota,Tacoma,2011,45905,715
AUTOMOVIL,Honda,Civic,2022,37507,4
AUTOMOVIL,Kia,Cerato,2012,34494,5
CAMIONETA,Chevrolet,Silverado,2023,50096,856
AUTOMOVIL,Nissan,Versa,2013,35083,4
AUTOMOVIL,Chevrolet,Cruze,2024,38685,5
CAMIONETA,Toyota,Tacoma,2014,47672,997
AUTOMOVIL,Honda,Civic,2025,39274,4
AUTOMOVIL,Kia,Cerato,2015,36261,5
CAMIONETA,Chevrolet,Silverado,2005,45248,1138
AUTOMOVIL,Nissan,Versa,2016,36850,4
AUTOMOVIL,Chevrolet,Cruze,2006,33837,5
CAMIONETA,Toyota,Tacoma,2017,49439,1279
AUTOMOVIL,Honda,Civic,2007,34426,4
AUTOMOVIL,Kia,Cerato,2018,38028,5
CAMIONETA,Chevrolet,Silverado,2008,47015,1420
AUTOMOVIL,Nissan,Versa,2019,38617,4
AUTOMOVIL,Chevrolet,Cruze,2009,35604,5
CAMIONETA,Toyota,Tacoma,2020,51206,1561
AUTOMOVIL,Honda,Civic,2010,36193,4
AUTOMOVIL,Kia,Cerato,2021,39795,5
CAMIONETA,Chevrolet,Silverado,2011,48782,1702
AUTOMOVIL,Nissan,Versa,2022,40384,4
AUTOMOVIL,Chevrolet,Cruze,2012,37371,5
CAMIONETA,Toyota,Tacoma,2023,52973,693
AUTOMOVIL,Honda,Civic,2013,37960,4
AUTOMOVIL,Kia,Cerato,2024,41562,5
CAMIONETA,Chevrolet,Silverado,2014,50549,834
AUTOMOVIL,Nissan,Versa,2025,42151,4
AUTOMOVIL,Chevrolet,Cruze,2015,39138,5
CAMIONETA,Toyota,Tacoma,2005,48125,975
AUTOMOVIL,Honda,Civic,2016,39727,4
AUTOMOVIL,Kia,Cerato,2006,36714,5
CAMIONETA,Chevrolet,Silverado,2017,52316,1116
AUTOMOVIL,Nissan,Versa,2007,37303,4
AUTOMOVIL,Chevrolet,Cruze,2018,40905,5
CAMIONETA,Toyota,Tacoma,2008,49892,1257
AUTOMOVIL,Honda,Civic,2019,41494,4
AUTOMOVIL,Kia,Cerato,2009,38481,5
CAMIONETA,Chevrolet,Silverado,2020,54083,1398
AUTOMOVIL,Nissan,Versa,2010,39070,4
AUTOMOVIL,Chevrolet,Cruze,2021,42672,5
CAMIONETA,Toyota,Tacoma,2011,51659,1539
AUTOMOVIL,Honda,Civic,2022,43261,4
AUTOMOVIL,Kia,Cerato,2012,40248,5
CAMIONETA,Chevrolet,Silverado,2023,55850,1680
AUTOMOVIL,Nissan,Versa,2013,40837,4
AUTOMOVIL,Chevrolet,Cruze,2024,44439,5
CAMIONETA,Toyota,Tacoma,2014,53426,671
AUTOMOVIL,Honda,Civic,2025,45028,4
AUTOMOVIL,Kia,Cerato,2015,42015,5
CAMIONETA,Chevrolet,Silverado,2005,51002,812
AUTOMOVIL,Nissan,Versa,2016,42604,4
AUTOMOVIL,Chevrolet,Cruze,2006,39591,5
CAMIONETA,Toyota,Tacoma,2017,55193,953
AUTOMOVIL,Honda,Civic,2007,40180,4
AUTOMOVIL,Kia,Cerato,2018,43782,5
CAMIONETA,Chevrolet,Silverado,2008,52769,1094
AUTOMOVIL,Nissan,Versa,2019,44371,4
AUTOMOVIL,Chevrolet,Cruze,2009,41358,5
CAMIONETA,Toyota,Tacoma,2020,56960,1235
AUTOMOVIL,Honda,Civic,2010,41947,4
AUTOMOVIL,Kia,Cerato,2021,45549,5
CAMIONETA,Chevrolet,Silverado,2011,54536,1376
AUTOMOVIL,Nissan,Versa,2022,46138,4
AUTOMOVIL,Chevrolet,Cruze,2012,43125,5
CAMIONETA,Toyota,Tacoma,2023,58727,1517
AUTOMOVIL,Honda,Civic,2013,43714,4
AUTOMOVIL,Kia,Cerato,2024,47316,5
CAMIONETA,Chevrolet,Silverado,2014,56303,1658
AUTOMOVIL,Nissan,Versa,2025,47905,4
AUTOMOVIL,Chevrolet,Cruze,2015,44892,5
CAMIONETA,Toyota,Tacoma,2005,53879,1799
AUTOMOVIL,Honda,Civic,2016,45481,4
AUTOMOVIL,Kia,Cerato,2006,42468,5
CAMIONETA,Chevrolet,Silverado,2017,58070,790
AUTOMOVIL,Nissan,Versa,2007,43057,4
AUTOMOVIL,Chevrolet,Cruze,2018,46659,5
CAMIONETA,Toyota,Tacoma,2008,55646,931
AUTOMOVIL,Honda,Civic,2019,47248,4
AUTOMOVIL,Kia,Cerato,2009,44235,5
CAMIONETA,Chevrolet,Silverado,2020,59837,1072
AUTOMOVIL,Nissan,Versa,2010,44824,4
AUTOMOVIL,Chevrolet,Cruze,2021,48426,5
CAMIONETA,Toyota,Tacoma,2011,57413,1213
AUTOMOVIL,Honda,Civic,2022,49015,4
AUTOMOVIL,Kia,Cerato,2012,46002,5
CAMIONETA,Chevrolet,Silverado,2023,61604,1354
AUTOMOVIL,Nissan,Versa,2013,46591,4
AUTOMOVIL,Chevrolet,Cruze,2024,50193,5
CAMIONETA,Toyota,Tacoma,2014,59180,1495
AUTOMOVIL,Honda,Civic,2025,50782,4
AUTOMOVIL,Kia,Cerato,2015,47769,5
CAMIONETA,Chevrolet,Silverado,2005,56756,1636
AUTOMOVIL,Nissan,Versa,2016,48358,4
AUTOMOVIL,Chevrolet,Cruze,2006,45345,5
CAMIONETA,Toyota,Tacoma,2017,60947,1777
AUTOMOVIL,Honda,Civic,2007,45934,4
AUTOMOVIL,Kia,Cerato,2018,49536,5
CAMIONETA,Chevrolet,Silverado,2008,58523,768
AUTOMOVIL,Nissan,Versa,2019,50125,4
AUTOMOVIL,Chevrolet,Cruze,2009,47112,5
CAMIONETA,Toyota,Tacoma,2020,62714,909
AUTOMOVIL,Honda,Civic,2010,47701,4
AUTOMOVIL,Kia,Cerato,2021,51303,5
CAMIONETA,Chevrolet,Silverado,2011,60290,1050
AUTOMOVIL,Nissan,Versa,2022,51892,4
AUTOMOVIL,Chevrolet,Cruze,2012,48879,5
CAMIONETA,Toyota,Tacoma,2023,64481,1191
AUTOMOVIL,Honda,Civic,2013,49468,4
AUTOMOVIL,Kia,Cerato,2024,53070,5
CAMIONETA,Chevrolet,Silverado,2014,62057,1332
AUTOMOVIL,Nissan,Versa,2025,53659,4
AUTOMOVIL,Chevrolet,Cruze,2015,50646,5
CAMIONETA,Toyota,Tacoma,2005,59633,1473
AUTOMOVIL,Honda,Civic,2016,51235,4
AUTOMOVIL,Kia,Cerato,2006,48222,5
CAMIONETA,Chevrolet,Silverado,2017,63824,1614
AUTOMOVIL,Nissan,Versa,2007,48811,4
AUTOMOVIL,Chevrolet,Cruze,2018,52413,5
CAMIONETA,Toyota,Tacoma,2008,61400,1755
AUTOMOVIL,Honda,Civic,2019,53002,4
AUTOMOVIL,Kia,Cerato,2009,49989,5
CAMIONETA,Chevrolet,Silverado,2020,65591,746
AUTOMOVIL,Nissan,Versa,2010,50578,4
AUTOMOVIL,Chevrolet,Cruze,2021,54180,5
CAMIONETA,Toyota,Tacoma,2011,63167,887
AUTOMOVIL,Honda,Civic,2022,54769,4
AUTOMOVIL,Kia,Cerato,2012,51756,5
CAMIONETA,Chevrolet,Silverado,2023,67358,1028
AUTOMOVIL,Nissan,Versa,2013,52345,4
AUTOMOVIL,Chevrolet,Cruze,2024,55947,5
CAMIONETA,Toyota,Tacoma,2014,64934,1169
AUTOMOVIL,Honda,Civic,2025,56536,4
AUTOMOVIL,Kia,Cerato,2015,53523,5
CAMIONETA,Chevrolet,Silverado,2005,62510,1310
AUTOMOVIL,Nissan,Versa,2016,54112,4
AUTOMOVIL,Chevrolet,Cruze,2006,51099,5
CAMIONETA,Toyota,Tacoma,2017,66701,1451
AUTOMOVIL,Honda,Civic,2007,51688,4
AUTOMOVIL,Kia,Cerato,2018,55290,5
CAMIONETA,Chevrolet,Silverado,2008,64277,1592
AUTOMOVIL,Nissan,Versa,2019,55879,4
AUTOMOVIL,Chevrolet,Cruze,2009,52866,5
CAMIONETA,Toyota,Tacoma,2020,68468,1733
AUTOMOVIL,Honda,Civic,2010,53455,4
AUTOMOVIL,Kia,Cerato,2021,57057,5
CAMIONETA,Chevrolet,Silverado,2011,66044,724
AUTOMOVIL,Nissan,Versa,2022,57646,4
AUTOMOVIL,Chevrolet,Cruze,2012,54633,5
CAMIONETA,Toyota,Tacoma,2023,70235,865
AUTOMOVIL,Honda,Civic,2013,55222,4
AUTOMOVIL,Kia,Cerato,2024,58824,5
CAMIONETA,Chevrolet,Silverado,2014,67811,1006
AUTOMOVIL,Nissan,Versa,2025,59413,4
AUTOMOVIL,Chevrolet,Cruze,2015,56400,5
CAMIONETA,Toyota,Tacoma,2005,65387,1147
AUTOMOVIL,Honda,Civic,2016,56989,4
AUTOMOVIL,Kia,Cerato,2006,53976,5
CAMIONETA,Chevrolet,Silverado,2017,69578,1288
AUTOMOVIL,Nissan,Versa,2007,54565,4
AUTOMOVIL,Chevrolet,Cruze,2018,58167,5
CAMIONETA,Toyota,Tacoma,2008,67154,1429
AUTOMOVIL,Honda,Civic,2019,58756,4
AUTOMOVIL,Kia,Cerato,2009,55743,5
CAMIONETA,Chevrolet,Silverado,2020,29345,1570
AUTOMOVIL,Nissan,Versa,2010,14332,4
AUTOMOVIL,Chevrolet,Cruze,2021,17934,5
CAMIONETA,Toyota,Tacoma,2011,26921,1711
AUTOMOVIL,Honda,Civic,2022,18523,4
AUTOMOVIL,Kia,Cerato,2012,15510,5
CAMIONETA,Chevrolet,Silverado,2023,31112,702
AUTOMOVIL,Nissan,Versa,2013,16099,4
AUTOMOVIL,Chevrolet,Cruze,2024,19701,5
CAMIONETA,Toyota,Tacoma,2014,28688,843
AUTOMOVIL,Honda,Civic,2025,20290,4
AUTOMOVIL,Kia,Cerato,2015,17277,5
CAMIONETA,Chevrolet,Silverado,2005,26264,984
AUTOMOVIL,Nissan,Versa,2016,17866,4
AUTOMOVIL,Chevrolet,Cruze,2006,14853,5
CAMIONETA,Toyota,Tacoma,2017,30455,1125
AUTOMOVIL,Honda,Civic,2007,15442,4
AUTOMOVIL,Kia,Cerato,2018,19044,5
CAMIONETA,Chevrolet,Silverado,2008,28031,1266
AUTOMOVIL,Nissan,Versa,2019,19633,4
AUTOMOVIL,Chevrolet,Cruze,2009,16620,5
CAMIONETA,Toyota,Tacoma,2020,32222,1407
AUTOMOVIL,Honda,Civic,2010,17209,4
AUTOMOVIL,Kia,Cerato,2021,20811,5
CAMIONETA,Chevrolet,Silverado,2011,29798,1548
AUTOMOVIL,Nissan,Versa,2022,21400,4
AUTOMOVIL,Chevrolet,Cruze,2012,18387,5
CAMIONETA,Toyota,Tacoma,2023,33989,1689
AUTOMOVIL,Honda,Civic,2013,18976,4
AUTOMOVIL,Kia,Cerato,2024,22578,5
CAMIONETA,Chevrolet,Silverado,2014,31565,680
AUTOMOVIL,Nissan,Versa,2025,23167,4
AUTOMOVIL,Chevrolet,Cruze,2015,20154,5
CAMIONETA,Toyota,Tacoma,2005,29141,821
AUTOMOVIL,Honda,Civic,2016,20743,4
AUTOMOVIL,Kia,Cerato,2006,17730,5
CAMIONETA,Chevrolet,Silverado,2017,33332,962
AUTOMOVIL,Nissan,Versa,2007,18319,4
AUTOMOVIL,Chevrolet,Cruze,2018,21921,5
CAMIONETA,Toyota,Tacoma,2008,30908,1103
AUTOMOVIL,Honda,Civic,2019,22510,4
AUTOMOVIL,Kia,Cerato,2009,19497,5
CAMIONETA,Chevrolet,Silverado,2020,35099,1244
AUTOMOVIL,Nissan,Versa,2010,20086,4
AUTOMOVIL,Chevrolet,Cruze,2021,23688,5
CAMIONETA,Toyota,Tacoma,2011,32675,1385
AUTOMOVIL,Honda,Civic,2022,24277,4
AUTOMOVIL,Kia,Cerato,2012,21264,5
CAMIONETA,Chevrolet,Silverado,2023,36866,1526
AUTOMOVIL,Nissan,Versa,2013,21853,4
AUTOMOVIL,Chevrolet,Cruze,2024,25455,5
CAMIONETA,Toyota,Tacoma,2014,34442,1667
AUTOMOVIL,Honda,Civic,2025,26044,4
AUTOMOVIL,Kia,Cerato,2015,23031,5
CAMIONETA,Chevrolet,Silverado,2005,32018,658
AUTOMOVIL,Nissan,Versa,2016,23620,4
AUTOMOVIL,Chevrolet,Cruze,2006,20607,5
CAMIONETA,Toyota,Tacoma,2017,36209,799
AUTOMOVIL,Honda,Civic,2007,21196,4
AUTOMOVIL,Kia,Cerato,2018,24798,5
CAMIONETA,Chevrolet,Silverado,2008,33785,940
AUTOMOVIL,Nissan,Versa,2019,25387,4
AUTOMOVIL,Chevrolet,Cruze,2009,22374,5
CAMIONETA,Toyota,Tacoma,2020,37976,1081
AUTOMOVIL,Honda,Civic,2010,22963,4
AUTOMOVIL,Kia,Cerato,2021,26565,5
CAMIONETA,Chevrolet,Silverado,2011,35552,1222
AUTOMOVIL,Nissan,Versa,2022,27154,4
AUTOMOVIL,Chevrolet,Cruze,2012,24141,5
CAMIONETA,Toyota,Tacoma,2023,39743,1363
AUTOMOVIL,Honda,Civic,2013,24730,4
AUTOMOVIL,Kia,Cerato,2024,28332,5
CAMIONETA,Chevrolet,Silverado,2014,37319,1504
AUTOMOVIL,Nissan,Versa,2025,28921,4
AUTOMOVIL,Chevrolet,Cruze,2015,25908,5
CAMIONETA,Toyota,Tacoma,2005,34895,1645
AUTOMOVIL,Honda,Civic,2016,26497,4
AUTOMOVIL,Kia,Cerato,2006,23484,5
CAMIONETA,Chevrolet,Silverado,2017,39086,1786
AUTOMOVIL,Nissan,Versa,2007,24073,4
AUTOMOVIL,Chevrolet,Cruze,2018,27675,5
CAMIONETA,Toyota,Tacoma,2008,36662,777
AUTOMOVIL,Honda,Civic,2019,28264,4
AUTOMOVIL,Kia,Cerato,2009,25251,5
CAMIONETA,Chevrolet,Silverado,2020,40853,918
AUTOMOVIL,Nissan,Versa,2010,25840,4
AUTOMOVIL,Chevrolet,Cruze,2021,29442,5
CAMIONETA,Toyota,Tacoma,2011,38429,1059
AUTOMOVIL,Honda,Civic,2022,30031,4
AUTOMOVIL,Kia,Cerato,2012,27018,5
CAMIONETA,Chevrolet,Silverado,2023,42620,1200
AUTOMOVIL,Nissan,Versa,2013,27607,4
AUTOMOVIL,Chevrolet,Cruze,2024,31209,5
CAMIONETA,Toyota,Tacoma,2014,40196,1341
AUTOMOVIL,Honda,Civic,2025,31798,4
AUTOMOVIL,Kia,Cerato,2015,28785,5
CAMIONETA,Chevrolet,Silverado,2005,37772,1482
AUTOMOVIL,Nissan,Versa,2016,29374,4
AUTOMOVIL,Chevrolet,Cruze,2006,26361,5
CAMIONETA,Toyota,Tacoma,2017,41963,1623
AUTOMOVIL,Honda,Civic,2007,26950,4
AUTOMOVIL,Kia,Cerato,2018,30552,5
CAMIONETA,Chevrolet,Silverado,2008,39539,1764
AUTOMOVIL,Nissan,Versa,2019,31141,4
AUTOMOVIL,Chevrolet,Cruze,2009,28128,5
CAMIONETA,Toyota,Tacoma,2020,43730,755
AUTOMOVIL,Honda,Civic,2010,28717,4
AUTOMOVIL,Kia,Cerato,2021,32319,5
CAMIONETA,Chevrolet,Silverado,2011,41306,896
AUTOMOVIL,Nissan,Versa,2022,32908,4
AUTOMOVIL,Chevrolet,Cruze,2012,29895,5
CAMIONETA,Toyota,Tacoma,2023,45497,1037
AUTOMOVIL,Honda,Civic,2013,30484,4
AUTOMOVIL,Kia,Cerato,2024,34086,5
CAMIONETA,Chevrolet,Silverado,2014,43073,1178
AUTOMOVIL,Nissan,Versa,2025,34675,4
AUTOMOVIL,Chevrolet,Cruze,2015,31662,5
CAMIONETA,Toyota,Tacoma,2005,40649,1319
AUTOMOVIL,Honda,Civic,2016,32251,4
AUTOMOVIL,Kia,Cerato,2006,29238,5
CAMIONETA,Chevrolet,Silverado,2017,44840,1460
AUTOMOVIL,Nissan,Versa,2007,29827,4
AUTOMOVIL,Chevrolet,Cruze,2018,33429,5
CAMIONETA,Toyota,Tacoma,2008,42416,1601
AUTOMOVIL,Honda,Civic,2019,34018,4
AUTOMOVIL,Kia,Cerato,2009,31005,5
CAMIONETA,Chevrolet,Silverado,2020,46607,1742
AUTOMOVIL,Nissan,Versa,2010,31594,4
AUTOMOVIL,Chevrolet,Cruze,2021,35196,5
CAMIONETA,Toyota,Tacoma,2011,44183,733
AUTOMOVIL,Honda,Civic,2022,35785,4
AUTOMOVIL,Kia,Cerato,2012,32772,5
CAMIONETA,Chevrolet,Silverado,2023,48374,874
AUTOMOVIL,Nissan,Versa,2013,33361,4
AUTOMOVIL,Chevrolet,Cruze,2024,36963,5
CAMIONETA,Toyota,Tacoma,2014,45950,1015
AUTOMOVIL,Honda,Civic,2025,37552,4
AUTOMOVIL,Kia,Cerato,2015,34539,5
CAMIONETA,Chevrolet,Silverado,2005,43526,1156
AUTOMOVIL,Nissan,Versa,2016,35128,4
AUTOMOVIL,Chevrolet,Cruze,2006,32115,5
CAMIONETA,Toyota,Tacoma,2017,47717,1297
AUTOMOVIL,Honda,Civic,2007,32704,4
AUTOMOVIL,Kia,Cerato,2018,36306,5
CAMIONETA,Chevrolet,Silverado,2008,45293,1438
AUTOMOVIL,Nissan,Versa,2019,36895,4
AUTOMOVIL,Chevrolet,Cruze,2009,33882,5
CAMIONETA,Toyota,Tacoma,2020,49484,1579
AUTOMOVIL,Honda,Civic,2010,34471,4
AUTOMOVIL,Kia,Cerato,2021,38073,5
CAMIONETA,Chevrolet,Silverado,2011,47060,1720
AUTOMOVIL,Nissan,Versa,2022,38662,4
AUTOMOVIL,Chevrolet,Cruze,2012,35649,5
CAMIONETA,Toyota,Tacoma,2023,51251,711
AUTOMOVIL,Honda,Civic,2013,36238,4
AUTOMOVIL,Kia,Cerato,2024,39840,5
CAMIONETA,Chevrolet,Silverado,2014,48827,852
AUTOMOVIL,Nissan,Versa,2025,40429,4
AUTOMOVIL,Chevrolet,Cruze,2015,37416,5
CAMIONETA,Toyota,Tacoma,2005,46403,993
AUTOMOVIL,Honda,Civic,2016,38005,4
AUTOMOVIL,Kia,Cerato,2006,34992,5
CAMIONETA,Chevrolet,Silverado,2017,50594,1134
AUTOMOVIL,Nissan,Versa,2007,35581,4
AUTOMOVIL,Chevrolet,Cruze,2018,39183,5
CAMIONETA,Toyota,Tacoma,2008,48170,1275
AUTOMOVIL,Honda,Civic,2019,39772,4
AUTOMOVIL,Kia,Cerato,2009,36759,5
CAMIONETA,Chevrolet,Silverado,2020,52361,1416
AUTOMOVIL,Nissan,Versa,2010,37348,4
AUTOMOVIL,Chevrolet,Cruze,2021,40950,5
CAMIONETA,Toyota,Tacoma,2011,49937,1557
AUTOMOVIL,Honda,Civic,2022,41539,4
AUTOMOVIL,Kia,Cerato,2012,38526,5
CAMIONETA,Chevrolet,Silverado,2023,54128,1698
AUTOMOVIL,Nissan,Versa,2013,39115,4
AUTOMOVIL,Chevrolet,Cruze,2024,42717,5
CAMIONETA,Toyota,Tacoma,2014,51704,689
AUTOMOVIL,Honda,Civic,2025,43306,4
AUTOMOVIL,Kia,Cerato,2015,40293,5
CAMIONETA,Chevrolet,Silverado,2005,49280,830
AUTOMOVIL,Nissan,Versa,2016,40882,4
AUTOMOVIL,Chevrolet,Cruze,2006,37869,5
CAMIONETA,Toyota,Tacoma,2017,53471,971
AUTOMOVIL,Honda,Civic,2007,38458,4
AUTOMOVIL,Kia,Cerato,2018,42060,5
CAMIONETA,Chevrolet,Silverado,2008,51047,1112
AUTOMOVIL,Nissan,Versa,2019,42649,4
AUTOMOVIL,Chevrolet,Cruze,2009,39636,5
CAMIONETA,Toyota,Tacoma,2020,55238,1253
AUTOMOVIL,Honda,Civic,2010,40225,4
AUTOMOVIL,Kia,Cerato,2021,43827,5
CAMIONETA,Chevrolet,Silverado,2011,52814,1394
AUTOMOVIL,Nissan,Versa,2022,44416,4
AUTOMOVIL,Chevrolet,Cruze,2012,41403,5
CAMIONETA,Toyota,Tacoma,2023,57005,1535
AUTOMOVIL,Honda,Civic,2013,41992,4
AUTOMOVIL,Kia,Cerato,2024,45594,5
CAMIONETA,Chevrolet,Silverado,2014,54581,1676
AUTOMOVIL,Nissan,Versa,2025,46183,4
AUTOMOVIL,Chevrolet,Cruze,2015,43170,5
CAMIONETA,Toyota,Tacoma,2005,52157,667
AUTOMOVIL,Honda,Civic,2016,43759,4
AUTOMOVIL,Kia,Cerato,2006,40746,5
CAMIONETA,Chevrolet,Silverado,2017,56348,808
AUTOMOVIL,Nissan,Versa,2007,41335,4
AUTOMOVIL,Chevrolet,Cruze,2018,44937,5
CAMIONETA,Toyota,Tacoma,2008,53924,949
AUTOMOVIL,Honda,Civic,2019,45526,4
AUTOMOVIL,Kia,Cerato,2009,42513,5
CAMIONETA,Chevrolet,Silverado,2020,58115,1090
AUTOMOVIL,Nissan,Versa,2010,43102,4
AUTOMOVIL,Chevrolet,Cruze,2021,46704,5
CAMIONETA,Toyota,Tacoma,2011,55691,1231
AUTOMOVIL,Honda,Civic,2022,47293,4
AUTOMOVIL,Kia,Cerato,2012,44280,5
CAMIONETA,Chevrolet,Silverado,2023,59882,1372
AUTOMOVIL,Nissan,Versa,2013,44869,4
AUTOMOVIL,Chevrolet,Cruze,2024,48471,5
CAMIONETA,Toyota,Tacoma,2014,57458,1513
AUTOMOVIL,Honda,Civic,2025,49060,4
AUTOMOVIL,Kia,Cerato,2015,46047,5
CAMIONETA,Chevrolet,Silverado,2005,55034,1654
AUTOMOVIL,Nissan,Versa,2016,46636,4
AUTOMOVIL,Chevrolet,Cruze,2006,43623,5
CAMIONETA,Toyota,Tacoma,2017,59225,1795
AUTOMOVIL,Honda,Civic,2007,44212,4
AUTOMOVIL,Kia,Cerato,2018,47814,5
CAMIONETA,Chevrolet,Silverado,2008,56801,786
AUTOMOVIL,Nissan,Versa,2019,48403,4
AUTOMOVIL,Chevrolet,Cruze,2009,45390,5
CAMIONETA,Toyota,Tacoma,2020,60992,927
AUTOMOVIL,Honda,Civic,2010,45979,4
AUTOMOVIL,Kia,Cerato,2021,49581,5
CAMIONETA,Chevrolet,Silverado,2011,58568,1068
AUTOMOVIL,Nissan,Versa,2022,50170,4
AUTOMOVIL,Chevrolet,Cruze,2012,47157,5
CAMIONETA,Toyota,Tacoma,2023,62759,1209
AUTOMOVIL,Honda,Civic,2013,47746,4
AUTOMOVIL,Kia,Cerato,2024,51348,5
CAMIONETA,Chevrolet,Silverado,2014,60335,1350
AUTOMOVIL,Nissan,Versa,2025,51937,4
AUTOMOVIL,Chevrolet,Cruze,2015,48924,5
CAMIONETA,Toyota,Tacoma,2005,57911,1491
AUTOMOVIL,Honda,Civic,2016,49513,4
AUTOMOVIL,Kia,Cerato,2006,46500,5
CAMIONETA,Chevrolet,Silverado,2017,62102,1632
AUTOMOVIL,Nissan,Versa,2007,47089,4
AUTOMOVIL,Chevrolet,Cruze,2018,50691,5
CAMIONETA,Toyota,Tacoma,2008,59678,1773
AUTOMOVIL,Honda,Civic,2019,51280,4
AUTOMOVIL,Kia,Cerato,2009,48267,5
CAMIONETA,Chevrolet,Silverado,2020,63869,764
AUTOMOVIL,Nissan,Versa,2010,48856,4
AUTOMOVIL,Chevrolet,Cruze,2021,52458,5
CAMIONETA,Toyota,Tacoma,2011,61445,905
AUTOMOVIL,Honda,Civic,2022,53047,4
AUTOMOVIL,Kia,Cerato,2012,50034,5
CAMIONETA,Chevrolet,Silverado,2023,65636,1046
AUTOMOVIL,Nissan,Versa,2013,50623,4
AUTOMOVIL,Chevrolet,Cruze,2024,54225,5
CAMIONETA,Toyota,Tacoma,2014,63212,1187
AUTOMOVIL,Honda,Civic,2025,54814,4
AUTOMOVIL,Kia,Cerato,2015,51801,5
CAMIONETA,Chevrolet,Silverado,2005,60788,1328
AUTOMOVIL,Nissan,Versa,2016,52390,4
AUTOMOVIL,Chevrolet,Cruze,2006,49377,5
CAMIONETA,Toyota,Tacoma,2017,64979,1469
AUTOMOVIL,Honda,Civic,2007,49966,4
AUTOMOVIL,Kia,Cerato,2018,53568,5
CAMIONETA,Chevrolet,Silverado,2008,62555,1610
AUTOMOVIL,Nissan,Versa,2019,54157,4
AUTOMOVIL,Chevrolet,Cruze,2009,51144,5
CAMIONETA,Toyota,Tacoma,2020,66746,1751
AUTOMOVIL,Honda,Civic,2010,51733,4
AUTOMOVIL,Kia,Cerato,2021,55335,5
CAMIONETA,Chevrolet,Silverado,2011,64322,742
AUTOMOVIL,Nissan,Versa,2022,55924,4
AUTOMOVIL,Chevrolet,Cruze,2012,52911,5
CAMIONETA,Toyota,Tacoma,2023,68513,883
AUTOMOVIL,Honda,Civic,2013,53500,4
AUTOMOVIL,Kia,Cerato,2024,57102,5
CAMIONETA,Chevrolet,Silverado,2014,66089,1024
AUTOMOVIL,Nissan,Versa,2025,57691,4
AUTOMOVIL,Chevrolet,Cruze,2015,54678,5
CAMIONETA,Toyota,Tacoma,2005,63665,1165
AUTOMOVIL,Honda,Civic,2016,55267,4
AUTOMOVIL,Kia,Cerato,2006,52254,5
CAMIONETA,Chevrolet,Silverado,2017,67856,1306
AUTOMOVIL,Nissan,Versa,2007,52843,4
AUTOMOVIL,Chevrolet,Cruze,2018,56445,5
CAMIONETA,Toyota,Tacoma,2008,65432,1447
AUTOMOVIL,Honda,Civic,2019,57034,4
AUTOMOVIL,Kia,Cerato,2009,54021,5
CAMIONETA,Chevrolet,Silverado,2020,69623,1588
AUTOMOVIL,Nissan,Versa,2010,54610,4
AUTOMOVIL,Chevrolet,Cruze,2021,58212,5
CAMIONETA,Toyota,Tacoma,2011,67199,1729
AUTOMOVIL,Honda,Civic,2022,58801,4
AUTOMOVIL,Kia,Cerato,2012,55788,5
CAMIONETA,Chevrolet,Silverado,2023,71390,720
AUTOMOVIL,Nissan,Versa,2013,56377,4
AUTOMOVIL,Chevrolet,Cruze,2024,59979,5
CAMIONETA,Toyota,Tacoma,2014,68966,861
AUTOMOVIL,Honda,Civic,2025,60568,4
AUTOMOVIL,Kia,Cerato,2015,57555,5
CAMIONETA,Chevrolet,Silverado,2005,24542,1002
AUTOMOVIL,Nissan,Versa,2016,16144,4
AUTOMOVIL,Chevrolet,Cruze,2006,13131,5
CAMIONETA,Toyota,Tacoma,2017,28733,1143
AUTOMOVIL,Honda,Civic,2007,13720,4
AUTOMOVIL,Kia,Cerato,2018,17322,5
CAMIONETA,Chevrolet,Silverado,2008,26309,1284
AUTOMOVIL,Nissan,Versa,2019,17911,4
AUTOMOVIL,Chevrolet,Cruze,2009,14898,5
CAMIONETA,Toyota,Tacoma,2020,30500,1425
AUTOMOVIL,Honda,Civic,2010,15487,4
AUTOMOVIL,Kia,Cerato,2021,19089,5
CAMIONETA,Chevrolet,Silverado,2011,28076,1566
AUTOMOVIL,Nissan,Versa,2022,19678,4
AUTOMOVIL,Chevrolet,Cruze,2012,16665,5
CAMIONETA,Toyota,Tacoma,2023,32267,1707
AUTOMOVIL,Honda,Civic,2013,17254,4
AUTOMOVIL,Kia,Cerato,2024,20856,5
CAMIONETA,Chevrolet,Silverado,2014,29843,698
AUTOMOVIL,Nissan,Versa,2025,21445,4
AUTOMOVIL,Chevrolet,Cruze,2015,18432,5
CAMIONETA,Toyota,Tacoma,2005,27419,839
AUTOMOVIL,Honda,Civic,2016,19021,4
AUTOMOVIL,Kia,Cerato,2006,16008,5
CAMIONETA,Chevrolet,Silverado,2017,31610,980
AUTOMOVIL,Nissan,Versa,2007,16597,4
AUTOMOVIL,Chevrolet,Cruze,2018,20199,5
CAMIONETA,Toyota,Tacoma,2008,29186,1121
AUTOMOVIL,Honda,Civic,2019,20788,4
AUTOMOVIL,Kia,Cerato,2009,17775,5
CAMIONETA,Chevrolet,Silverado,2020,33377,1262
AUTOMOVIL,Nissan,Versa,2010,18364,4
AUTOMOVIL,Chevrolet,Cruze,2021,21966,5
CAMIONETA,Toyota,Tacoma,2011,30953,1403
AUTOMOVIL,Honda,Civic,2022,22555,4
AUTOMOVIL,Kia,Cerato,2012,19542,5
CAMIONETA,Chevrolet,Silverado,2023,35144,1544
AUTOMOVIL,Nissan,Versa,2013,20131,4
AUTOMOVIL,Chevrolet,Cruze,2024,23733,5
CAMIONETA,Toyota,Tacoma,2014,32720,1685
AUTOMOVIL,Honda,Civic,2025,24322,4
AUTOMOVIL,Kia,Cerato,2015,21309,5
CAMIONETA,Chevrolet,Silverado,2005,30296,676
AUTOMOVIL,Nissan,Versa,2016,21898,4
AUTOMOVIL,Chevrolet,Cruze,2006,18885,5
CAMIONETA,Toyota,Tacoma,2017,34487,817
AUTOMOVIL,Honda,Civic,2007,19474,4
AUTOMOVIL,Kia,Cerato,2018,23076,5
CAMIONETA,Chevrolet,Silverado,2008,32063,958
AUTOMOVIL,Nissan,Versa,2019,23665,4
AUTOMOVIL,Chevrolet,Cruze,2009,20652,5
CAMIONETA,Toyota,Tacoma,2020,36254,1099
AUTOMOVIL,Honda,Civic,2010,21241,4
AUTOMOVIL,Kia,Cerato,2021,24843,5
CAMIONETA,Chevrolet,Silverado,2011,33830,1240
AUTOMOVIL,Nissan,Versa,2022,25432,4
AUTOMOVIL,Chevrolet,Cruze,2012,22419,5
CAMIONETA,Toyota,Tacoma,2023,38021,1381
AUTOMOVIL,Honda,Civic,2013,23008,4
AUTOMOVIL,Kia,Cerato,2024,26610,5
CAMIONETA,Chevrolet,Silverado,2014,35597,1522
AUTOMOVIL,Nissan,Versa,2025,27199,4
AUTOMOVIL,Chevrolet,Cruze,2015,24186,5
CAMIONETA,Toyota,Tacoma,2005,33173,1663
AUTOMOVIL,Honda,Civic,2016,24775,4
AUTOMOVIL,Kia,Cerato,2006,21762,5
CAMIONETA,Chevrolet,Silverado,2017,37364,654
AUTOMOVIL,Nissan,Versa,2007,22351,4
AUTOMOVIL,Chevrolet,Cruze,2018,25953,5
CAMIONETA,Toyota,Tacoma,2008,34940,795
AUTOMOVIL,Honda,Civic,2019,26542,4
AUTOMOVIL,Kia,Cerato,2009,23529,5
CAMIONETA,Chevrolet,Silverado,2020,39131,936
AUTOMOVIL,Nissan,Versa,2010,24118,4
AUTOMOVIL,Chevrolet,Cruze,2021,27720,5
CAMIONETA,Toyota,Tacoma,2011,36707,1077
AUTOMOVIL,Honda,Civic,2022,28309,4
AUTOMOVIL,Kia,Cerato,2012,25296,5
CAMIONETA,Chevrolet,Silverado,2023,40898,1218
AUTOMOVIL,Nissan,Versa,2013,25885,4
AUTOMOVIL,Chevrolet,Cruze,2024,29487,5
CAMIONETA,Toyota,Tacoma,2014,38474,1359
AUTOMOVIL,Honda,Civic,2025,30076,4
AUTOMOVIL,Kia,Cerato,2015,27063,5
CAMIONETA,Chevrolet,Silverado,2005,36050,1500
AUTOMOVIL,Nissan,Versa,2016,27652,4
AUTOMOVIL,Chevrolet,Cruze,2006,24639,5
CAMIONETA,Toyota,Tacoma,2017,40241,1641
AUTOMOVIL,Honda,Civic,2007,25228,4
AUTOMOVIL,Kia,Cerato,2018,28830,5
CAMIONETA,Chevrolet,Silverado,2008,37817,1782
AUTOMOVIL,Nissan,Versa,2019,29419,4
AUTOMOVIL,Chevrolet,Cruze,2009,26406,5
CAMIONETA,Toyota,Tacoma,2020,42008,773
AUTOMOVIL,Honda,Civic,2010,26995,4
AUTOMOVIL,Kia,Cerato,2021,30597,5
CAMIONETA,Chevrolet,Silverado,2011,39584,914
AUTOMOVIL,Nissan,Versa,2022,31186,4
AUTOMOVIL,Chevrolet,Cruze,2012,28173,5
CAMIONETA,Toyota,Tacoma,2023,43775,1055
AUTOMOVIL,Honda,Civic,2013,28762,4
AUTOMOVIL,Kia,Cerato,2024,32364,5
CAMIONETA,Chevrolet,Silverado,2014,41351,1196
AUTOMOVIL,Nissan,Versa,2025,32953,4
AUTOMOVIL,Chevrolet,Cruze,2015,29940,5
CAMIONETA,Toyota,Tacoma,2005,38927,1337
AUTOMOVIL,Honda,Civic,2016,30529,4
AUTOMOVIL,Kia,Cerato,2006,27516,5
CAMIONETA,Chevrolet,Silverado,2017,43118,1478
AUTOMOVIL,Nissan,Versa,2007,28105,4
AUTOMOVIL,Chevrolet,Cruze,2018,31707,5
CAMIONETA,Toyota,Tacoma,2008,40694,1619
AUTOMOVIL,Honda,Civic,2019,32296,4
AUTOMOVIL,Kia,Cerato,2009,29283,5
CAMIONETA,Chevrolet,Silverado,2020,44885,1760
AUTOMOVIL,Nissan,Versa,2010,29872,4
AUTOMOVIL,Chevrolet,Cruze,2021,33474,5
CAMIONETA,Toyota,Tacoma,2011,42461,751
AUTOMOVIL,Honda,Civic,2022,34063,4
AUTOMOVIL,Kia,Cerato,2012,31050,5
CAMIONETA,Chevrolet,Silverado,2023,46652,892
AUTOMOVIL,Nissan,Versa,2013,31639,4
AUTOMOVIL,Chevrolet,Cruze,2024,35241,5
CAMIONETA,Toyota,Tacoma,2014,44228,1033
AUTOMOVIL,Honda,Civic,2025,35830,4
AUTOMOVIL,Kia,Cerato,2015,32817,5
CAMIONETA,Chevrolet,Silverado,2005,41804,1174
AUTOMOVIL,Nissan,Versa,2016,33406,4
AUTOMOVIL,Chevrolet,Cruze,2006,30393,5
CAMIONETA,Toyota,Tacoma,2017,45995,1315
AUTOMOVIL,Honda,Civic,2007,30982,4
AUTOMOVIL,Kia,Cerato,2018,34584,5
CAMIONETA,Chevrolet,Silverado,2008,43571,1456
AUTOMOVIL,Nissan,Versa,2019,35173,4
AUTOMOVIL,Chevrolet,Cruze,2009,32160,5
CAMIONETA,Toyota,Tacoma,2020,47762,1597
AUTOMOVIL,Honda,Civic,2010,32749,4
AUTOMOVIL,Kia,Cerato,2021,36351,5
CAMIONETA,Chevrolet,Silverado,2011,45338,1738
AUTOMOVIL,Nissan,Versa,2022,36940,4
AUTOMOVIL,Chevrolet,Cruze,2012,33927,5
CAMIONETA,Toyota,Tacoma,2023,49529,729
AUTOMOVIL,Honda,Civic,2013,34516,4
AUTOMOVIL,Kia,Cerato,2024,38118,5
CAMIONETA,Chevrolet,Silverado,2014,47105,870
AUTOMOVIL,Nissan,Versa,2025,38707,4
AUTOMOVIL,Chevrolet,Cruze,2015,35694,5
CAMIONETA,Toyota,Tacoma,2005,44681,1011
AUTOMOVIL,Honda,Civic,2016,36283,4
AUTOMOVIL,Kia,Cerato,2006,33270,5
CAMIONETA,Chevrolet,Silverado,2017,48872,1152
AUTOMOVIL,Nissan,Versa,2007,33859,4
AUTOMOVIL,Chevrolet,Cruze,2018,37461,5
CAMIONETA,Toyota,Tacoma,2008,46448,1293
AUTOMOVIL,Honda,Civic,2019,38050,4
AUTOMOVIL,Kia,Cerato,2009,35037,5
CAMIONETA,Chevrolet,Silverado,2020,50639,1434
AUTOMOVIL,Nissan,Versa,2010,35626,4
AUTOMOVIL,Chevrolet,Cruze,2021,39228,5
CAMIONETA,Toyota,Tacoma,2011,48215,1575
AUTOMOVIL,Honda,Civic,2022,39817,4
AUTOMOVIL,Kia,Cerato,2012,36804,5
CAMIONETA,Chevrolet,Silverado,2023,52406,1716
AUTOMOVIL,Nissan,Versa,2013,37393,4
AUTOMOVIL,Chevrolet,Cruze,2024,40995,5
CAMIONETA,Toyota,Tacoma,2014,49982,707
AUTOMOVIL,Honda,Civic,2025,41584,4
AUTOMOVIL,Kia,Cerato,2015,38571,5
CAMIONETA,Chevrolet,Silverado,2005,47558,848
AUTOMOVIL,Nissan,Versa,2016,39160,4
AUTOMOVIL,Chevrolet,Cruze,2006,36147,5
CAMIONETA,Toyota,Tacoma,2017,51749,989
AUTOMOVIL,Honda,Civic,2007,36736,4
AUTOMOVIL,Kia,Cerato,2018,40338,5
CAMIONETA,Chevrolet,Silverado,2008,49325,1130
AUTOMOVIL,Nissan,Versa,2019,40927,4
AUTOMOVIL,Chevrolet,Cruze,2009,37914,5
CAMIONETA,Toyota,Tacoma,2020,53516,1271
AUTOMOVIL,Honda,Civic,2010,38503,4
AUTOMOVIL,Kia,Cerato,2021,42105,5
CAMIONETA,Chevrolet,Silverado,2011,51092,1412
AUTOMOVIL,Nissan,Versa,2022,42694,4
AUTOMOVIL,Chevrolet,Cruze,2012,39681,5
CAMIONETA,Toyota,Tacoma,2023,55283,1553
AUTOMOVIL,Honda,Civic,2013,40270,4
AUTOMOVIL,Kia,Cerato,2024,43872,5
CAMIONETA,Chevrolet,Silverado,2014,52859,1694
AUTOMOVIL,Nissan,Versa,2025,44461,4
AUTOMOVIL,Chevrolet,Cruze,2015,41448,5
CAMIONETA,Toyota,Tacoma,2005,50435,685
AUTOMOVIL,Honda,Civic,2016,42037,4
AUTOMOVIL,Kia,Cerato,2006,39024,5
CAMIONETA,Chevrolet,Silverado,2017,54626,826
AUTOMOVIL,Nissan,Versa,2007,39613,4
AUTOMOVIL,Chevrolet,Cruze,2018,43215,5
CAMIONETA,Toyota,Tacoma,2008,52202,967
AUTOMOVIL,Honda,Civic,2019,43804,4
AUTOMOVIL,Kia,Cerato,2009,40791,5
CAMIONETA,Chevrolet,Silverado,2020,56393,1108
AUTOMOVIL,Nissan,Versa,2010,41380,4
AUTOMOVIL,Chevrolet,Cruze,2021,44982,5
CAMIONETA,Toyota,Tacoma,2011,53969,1249
AUTOMOVIL,Honda,Civic,2022,45571,4
AUTOMOVIL,Kia,Cerato,2012,42558,5
CAMIONETA,Chevrolet,Silverado,2023,58160,1390
AUTOMOVIL,Nissan,Versa,2013,43147,4
AUTOMOVIL,Chevrolet,Cruze,2024,46749,5
CAMIONETA,Toyota,Tacoma,2014,55736,1531
AUTOMOVIL,Honda,Civic,2025,47338,4
AUTOMOVIL,Kia,Cerato,2015,44325,5
CAMIONETA,Chevrolet,Silverado,2005,53312,1672
AUTOMOVIL,Nissan,Versa,2016,44914,4
AUTOMOVIL,Chevrolet,Cruze,2006,41901,5
CAMIONETA,Toyota,Tacoma,2017,57503,663
AUTOMOVIL,Honda,Civic,2007,42490,4
AUTOMOVIL,Kia,Cerato,2018,46092,5
CAMIONETA,Chevrolet,Silverado,2008,55079,804
AUTOMOVIL,Nissan,Versa,2019,46681,4
AUTOMOVIL,Chevrolet,Cruze,2009,43668,5
CAMIONETA,Toyota,Tacoma,2020,59270,945
AUTOMOVIL,Honda,Civic,2010,44257,4
AUTOMOVIL,Kia,Cerato,2021,47859,5
CAMIONETA,Chevrolet,Silverado,2011,56846,1086
AUTOMOVIL,Nissan,Versa,2022,48448,4
AUTOMOVIL,Chevrolet,Cruze,2012,45435,5
CAMIONETA,Toyota,Tacoma,2023,61037,1227
AUTOMOVIL,Honda,Civic,2013,46024,4
AUTOMOVIL,Kia,Cerato,2024,49626,5
CAMIONETA,Chevrolet,Silverado,2014,58613,1368
AUTOMOVIL,Nissan,Versa,2025,50215,4
AUTOMOVIL,Chevrolet,Cruze,2015,47202,5
CAMIONETA,Toyota,Tacoma,2005,56189,1509
AUTOMOVIL,Honda,Civic,2016,47791,4
AUTOMOVIL,Kia,Cerato,2006,44778,5
CAMIONETA,Chevrolet,Silverado,2017,60380,1650
AUTOMOVIL,Nissan,Versa,2007,45367,4
AUTOMOVIL,Chevrolet,Cruze,2018,48969,5
CAMIONETA,Toyota,Tacoma,2008,57956,1791
AUTOMOVIL,Honda,Civic,2019,49558,4
AUTOMOVIL,Kia,Cerato,2009,46545,5
CAMIONETA,Chevrolet,Silverado,2020,62147,782
AUTOMOVIL,Nissan,Versa,2010,47134,4
AUTOMOVIL,Chevrolet,Cruze,2021,50736,5
CAMIONETA,Toyota,Tacoma,2011,59723,923
AUTOMOVIL,Honda,Civic,2022,51325,4
AUTOMOVIL,Kia,Cerato,2012,48312,5
CAMIONETA,Chevrolet,Silverado,2023,63914,1064
AUTOMOVIL,Nissan,Versa,2013,48901,4
AUTOMOVIL,Chevrolet,Cruze,2024,52503,5
CAMIONETA,Toyota,Tacoma,2014,61490,1205
AUTOMOVIL,Honda,Civic,2025,53092,4
AUTOMOVIL,Kia,Cerato,2015,50079,5
CAMIONETA,Chevrolet,Silverado,2005,59066,1346
AUTOMOVIL,Nissan,Versa,2016,50668,4
AUTOMOVIL,Chevrolet,Cruze,2006,47655,5
CAMIONETA,Toyota,Tacoma,2017,63257,1487
AUTOMOVIL,Honda,Civic,2007,48244,4
AUTOMOVIL,Kia,Cerato,2018,51846,5
CAMIONETA,Chevrolet,Silverado,2008,60833,1628
AUTOMOVIL,Nissan,Versa,2019,52435,4
AUTOMOVIL,Chevrolet,Cruze,2009,49422,5
CAMIONETA,Toyota,Tacoma,2020,65024,1769
AUTOMOVIL,Honda,Civic,2010,50011,4
AUTOMOVIL,Kia,Cerato,2021,53613,5
CAMIONETA,Chevrolet,Silverado,2011,62600,760
AUTOMOVIL,Nissan,Versa,2022,54202,4
AUTOMOVIL,Chevrolet,Cruze,2012,51189,5
CAMIONETA,Toyota,Tacoma,2023,66791,901
AUTOMOVIL,Honda,Civic,2013,51778,4
AUTOMOVIL,Kia,Cerato,2024,55380,5
CAMIONETA,Chevrolet,Silverado,2014,64367,1042
AUTOMOVIL,Nissan,Versa,2025,55969,4
AUTOMOVIL,Chevrolet,Cruze,2015,52956,5
CAMIONETA,Toyota,Tacoma,2005,61943,1183
AUTOMOVIL,Honda,Civic,2016,53545,4
AUTOMOVIL,Kia,Cerato,2006,50532,5
CAMIONETA,Chevrolet,Silverado,2017,66134,1324
AUTOMOVIL,Nissan,Versa,2007,51121,4
AUTOMOVIL,Chevrolet,Cruze,2018,54723,5
CAMIONETA,Toyota,Tacoma,2008,63710,1465
AUTOMOVIL,Honda,Civic,2019,55312,4
AUTOMOVIL,Kia,Cerato,2009,52299,5
CAMIONETA,Chevrolet,Silverado,2020,67901,1606
AUTOMOVIL,Nissan,Versa,2010,52888,4
AUTOMOVIL,Chevrolet,Cruze,2021,56490,5
CAMIONETA,Toyota,Tacoma,2011,65477,1747
AUTOMOVIL,Honda,Civic,2022,57079,4
AUTOMOVIL,Kia,Cerato,2012,54066,5
CAMIONETA,Chevrolet,Silverado,2023,69668,738
AUTOMOVIL,Nissan,Versa,2013,54655,4
AUTOMOVIL,Chevrolet,Cruze,2024,58257,5
CAMIONETA,Toyota,Tacoma,2014,67244,879
AUTOMOVIL,Honda,Civic,2025,58846,4
AUTOMOVIL,Kia,Cerato,2015,55833,5
CAMIONETA,Chevrolet,Silverado,2005,64820,1020
AUTOMOVIL,Nissan,Versa,2016,56422,4
AUTOMOVIL,Chevrolet,Cruze,2006,53409,5
CAMIONETA,Toyota,Tacoma,2017,69011,1161
AUTOMOVIL,Honda,Civic,2007,53998,4
AUTOMOVIL,Kia,Cerato,2018,57600,5
CAMIONETA,Chevrolet,Silverado,2008,66587,1302
AUTOMOVIL,Nissan,Versa,2019,58189,4
AUTOMOVIL,Chevrolet,Cruze,2009,55176,5
CAMIONETA,Toyota,Tacoma,2020,70778,1443
AUTOMOVIL,Honda,Civic,2010,55765,4
AUTOMOVIL,Kia,Cerato,2021,59367,5
CAMIONETA,Chevrolet,Silverado,2011,68354,1584
AUTOMOVIL,Nissan,Versa,2022,17956,4
AUTOMOVIL,Chevrolet,Cruze,2012,14943,5
CAMIONETA,Toyota,Tacoma,2023,30545,1725
AUTOMOVIL,Honda,Civic,2013,15532,4
AUTOMOVIL,Kia,Cerato,2024,19134,5
CAMIONETA,Chevrolet,Silverado,2014,28121,716
AUTOMOVIL,Nissan,Versa,2025,19723,4
AUTOMOVIL,Chevrolet,Cruze,2015,16710,5
CAMIONETA,Toyota,Tacoma,2005,25697,857
AUTOMOVIL,Honda,Civic,2016,17299,4
AUTOMOVIL,Kia,Cerato,2006,14286,5
CAMIONETA,Chevrolet,Silverado,2017,29888,998
AUTOMOVIL,Nissan,Versa,2007,14875,4
AUTOMOVIL,Chevrolet,Cruze,2018,18477,5
CAMIONETA,Toyota,Tacoma,2008,27464,1139
AUTOMOVIL,Honda,Civic,2019,19066,4
AUTOMOVIL,Kia,Cerato,2009,16053,5
CAMIONETA,Chevrolet,Silverado,2020,31655,1280
AUTOMOVIL,Nissan,Versa,2010,16642,4
AUTOMOVIL,Chevrolet,Cruze,2021,20244,5
CAMIONETA,Toyota,Tacoma,2011,29231,1421
AUTOMOVIL,Honda,Civic,2022,20833,4
AUTOMOVIL,Kia,Cerato,2012,17820,5
CAMIONETA,Chevrolet,Silverado,2023,33422,1562
AUTOMOVIL,Nissan,Versa,2013,18409,4
AUTOMOVIL,Chevrolet,Cruze,2024,22011,5
CAMIONETA,Toyota,Tacoma,2014,30998,1703
AUTOMOVIL,Honda,Civic,2025,22600,4
AUTOMOVIL,Kia,Cerato,2015,19587,5
CAMIONETA,Chevrolet,Silverado,2005,28574,694
AUTOMOVIL,Nissan,Versa,2016,20176,4
AUTOMOVIL,Chevrolet,Cruze,2006,17163,5
CAMIONETA,Toyota,Tacoma,2017,32765,835
AUTOMOVIL,Honda,Civic,2007,17752,4
AUTOMOVIL,Kia,Cerato,2018,21354,5
CAMIONETA,Chevrolet,Silverado,2008,30341,976
AUTOMOVIL,Nissan,Versa,2019,21943,4
AUTOMOVIL,Chevrolet,Cruze,2009,18930,5
CAMIONETA,Toyota,Tacoma,2020,34532,1117
AUTOMOVIL,Honda,Civic,2010,19519,4
AUTOMOVIL,Kia,Cerato,2021,23121,5
CAMIONETA,Chevrolet,Silverado,2011,32108,1258
AUTOMOVIL,Nissan,Versa,2022,23710,4
AUTOMOVIL,Chevrolet,Cruze,2012,20697,5
CAMIONETA,Toyota,Tacoma,2023,36299,1399
AUTOMOVIL,Honda,Civic,2013,21286,4
AUTOMOVIL,Kia,Cerato,2024,24888,5
CAMIONETA,Chevrolet,Silverado,2014,33875,1540
AUTOMOVIL,Nissan,Versa,2025,25477,4
AUTOMOVIL,Chevrolet,Cruze,2015,22464,5
CAMIONETA,Toyota,Tacoma,2005,31451,1681
AUTOMOVIL,Honda,Civic,2016,23053,4
AUTOMOVIL,Kia,Cerato,2006,20040,5
CAMIONETA,Chevrolet,Silverado,2017,35642,672
AUTOMOVIL,Nissan,Versa,2007,20629,4
AUTOMOVIL,Chevrolet,Cruze,2018,24231,5
CAMIONETA,Toyota,Tacoma,2008,33218,813
AUTOMOVIL,Honda,Civic,2019,24820,4
AUTOMOVIL,Kia,Cerato,2009,21807,5
CAMIONETA,Chevrolet,Silverado,2020,37409,954
AUTOMOVIL,Nissan,Versa,2010,22396,4
AUTOMOVIL,Chevrolet,Cruze,2021,25998,5
CAMIONETA,Toyota,Tacoma,2011,34985,1095
AUTOMOVIL,Honda,Civic,2022,26587,4
AUTOMOVIL,Kia,Cerato,2012,23574,5
CAMIONETA,Chevrolet,Silverado,2023,39176,1236
AUTOMOVIL,Nissan,Versa,2013,24163,4
AUTOMOVIL,Chevrolet,Cruze,2024,27765,5
CAMIONETA,Toyota,Tacoma,2014,36752,1377
AUTOMOVIL,Honda,Civic,2025,28354,4
AUTOMOVIL,Kia,Cerato,2015,25341,5
CAMIONETA,Chevrolet,Silverado,2005,34328,1518
AUTOMOVIL,Nissan,Versa,2016,25930,4
AUTOMOVIL,Chevrolet,Cruze,2006,22917,5
CAMIONETA,Toyota,Tacoma,2017,38519,1659
AUTOMOVIL,Honda,Civic,2007,23506,4
AUTOMOVIL,Kia,Cerato,2018,27108,5
CAMIONETA,Chevrolet,Silverado,2008,36095,650
AUTOMOVIL,Nissan,Versa,2019,27697,4
AUTOMOVIL,Chevrolet,Cruze,2009,24684,5
CAMIONETA,Toyota,Tacoma,2020,40286,791
AUTOMOVIL,Honda,Civic,2010,25273,4
AUTOMOVIL,Kia,Cerato,2021,28875,5
CAMIONETA,Chevrolet,Silverado,2011,37862,932
AUTOMOVIL,Nissan,Versa,2022,29464,4
AUTOMOVIL,Chevrolet,Cruze,2012,26451,5
CAMIONETA,Toyota,Tacoma,2023,42053,1073
AUTOMOVIL,Honda,Civic,2013,27040,4
AUTOMOVIL,Kia,Cerato,2024,30642,5
CAMIONETA,Chevrolet,Silverado,2014,39629,1214
AUTOMOVIL,Nissan,Versa,2025,31231,4
AUTOMOVIL,Chevrolet,Cruze,2015,28218,5
CAMIONETA,Toyota,Tacoma,2005,37205,1355
AUTOMOVIL,Honda,Civic,2016,28807,4
AUTOMOVIL,Kia,Cerato,2006,25794,5
CAMIONETA,Chevrolet,Silverado,2017,41396,1496
AUTOMOVIL,Nissan,Versa,2007,26383,4
AUTOMOVIL,Chevrolet,Cruze,2018,29985,5
CAMIONETA,Toyota,Tacoma,2008,38972,1637
AUTOMOVIL,Honda,Civic,2019,30574,4
AUTOMOVIL,Kia,Cerato,2009,27561,5
CAMIONETA,Chevrolet,Silverado,2020,43163,1778
AUTOMOVIL,Nissan,Versa,2010,28150,4
AUTOMOVIL,Chevrolet,Cruze,2021,31752,5
CAMIONETA,Toyota,Tacoma,2011,40739,769
AUTOMOVIL,Honda,Civic,2022,32341,4
AUTOMOVIL,Kia,Cerato,2012,29328,5
CAMIONETA,Chevrolet,Silverado,2023,44930,910
AUTOMOVIL,Nissan,Versa,2013,29917,4
AUTOMOVIL,Chevrolet,Cruze,2024,33519,5
CAMIONETA,Toyota,Tacoma,2014,42506,1051
AUTOMOVIL,Honda,Civic,2025,34108,4
AUTOMOVIL,Kia,Cerato,2015,31095,5
CAMIONETA,Chevrolet,Silverado,2005,40082,1192
AUTOMOVIL,Nissan,Versa,2016,31684,4
AUTOMOVIL,Chevrolet,Cruze,2006,28671,5
CAMIONETA,Toyota,Tacoma,2017,44273,1333
AUTOMOVIL,Honda,Civic,2007,29260,4
AUTOMOVIL,Kia,Cerato,2018,32862,5
CAMIONETA,Chevrolet,Silverado,2008,41849,1474
AUTOMOVIL,Nissan,Versa,2019,33451,4
AUTOMOVIL,Chevrolet,Cruze,2009,30438,5
CAMIONETA,Toyota,Tacoma,2020,46040,1615
AUTOMOVIL,Honda,Civic,2010,31027,4
AUTOMOVIL,Kia,Cerato,2021,34629,5
CAMIONETA,Chevrolet,Silverado,2011,43616,1756
AUTOMOVIL,Nissan,Versa,2022,35218,4
AUTOMOVIL,Chevrolet,Cruze,2012,32205,5
CAMIONETA,Toyota,Tacoma,2023,47807,747
AUTOMOVIL,Honda,Civic,2013,32794,4
AUTOMOVIL,Kia,Cerato,2024,36396,5
CAMIONETA,Chevrolet,Silverado,2014,45383,888
AUTOMOVIL,Nissan,Versa,2025,36985,4
AUTOMOVIL,Chevrolet,Cruze,2015,33972,5
CAMIONETA,Toyota,Tacoma,2005,42959,1029
AUTOMOVIL,Honda,Civic,2016,34561,4
AUTOMOVIL,Kia,Cerato,2006,31548,5
CAMIONETA,Chevrolet,Silverado,2017,47150,1170
AUTOMOVIL,Nissan,Versa,2007,32137,4
AUTOMOVIL,Chevrolet,Cruze,2018,35739,5
CAMIONETA,Toyota,Tacoma,2008,44726,1311
AUTOMOVIL,Honda,Civic,2019,36328,4
AUTOMOVIL,Kia,Cerato,2009,33315,5
CAMIONETA,Chevrolet,Silverado,2020,48917,1452
AUTOMOVIL,Nissan,Versa,2010,33904,4
AUTOMOVIL,Chevrolet,Cruze,2021,37506,5
CAMIONETA,Toyota,Tacoma,2011,46493,1593
AUTOMOVIL,Honda,Civic,2022,38095,4
AUTOMOVIL,Kia,Cerato,2012,35082,5
CAMIONETA,Chevrolet,Silverado,2023,50684,1734
AUTOMOVIL,Nissan,Versa,2013,35671,4
AUTOMOVIL,Chevrolet,Cruze,2024,39273,5
CAMIONETA,Toyota,Tacoma,2014,48260,725
AUTOMOVIL,Honda,Civic,2025,39862,4
AUTOMOVIL,Kia,Cerato,2015,36849,5
CAMIONETA,Chevrolet,Silverado,2005,45836,866
AUTOMOVIL,Nissan,Versa,2016,37438,4
AUTOMOVIL,Chevrolet,Cruze,2006,34425,5
CAMIONETA,Toyota,Tacoma,2017,50027,1007
AUTOMOVIL,Honda,Civic,2007,35014,4
AUTOMOVIL,Kia,Cerato,2018,38616,5
CAMIONETA,Chevrolet,Silverado,2008,47603,1148
AUTOMOVIL,Nissan,Versa,2019,39205,4
AUTOMOVIL,Chevrolet,Cruze,2009,36192,5
CAMIONETA,Toyota,Tacoma,2020,51794,1289
AUTOMOVIL,Honda,Civic,2010,36781,4
AUTOMOVIL,Kia,Cerato,2021,40383,5
CAMIONETA,Chevrolet,Silverado,2011,49370,1430
AUTOMOVIL,Nissan,Versa,2022,40972,4
AUTOMOVIL,Chevrolet,Cruze,2012,37959,5
CAMIONETA,Toyota,Tacoma,2023,53561,1571
AUTOMOVIL,Honda,Civic,2013,38548,4
AUTOMOVIL,Kia,Cerato,2024,42150,5
CAMIONETA,Chevrolet,Silverado,2014,51137,1712
AUTOMOVIL,Nissan,Versa,2025,42739,4
AUTOMOVIL,Chevrolet,Cruze,2015,39726,5
CAMIONETA,Toyota,Tacoma,2005,48713,703
AUTOMOVIL,Honda,Civic,2016,40315,4
AUTOMOVIL,Kia,Cerato,2006,37302,5
CAMIONETA,Chevrolet,Silverado,2017,52904,844
AUTOMOVIL,Nissan,Versa,2007,37891,4
AUTOMOVIL,Chevrolet,Cruze,2018,41493,5
CAMIONETA,Toyota,Tacoma,2008,50480,985
AUTOMOVIL,Honda,Civic,2019,42082,4
AUTOMOVIL,Kia,Cerato,2009,39069,5
CAMIONETA,Chevrolet,Silverado,2020,54671,1126
AUTOMOVIL,Nissan,Versa,2010,39658,4
AUTOMOVIL,Chevrolet,Cruze,2021,43260,5
CAMIONETA,Toyota,Tacoma,2011,52247,1267
AUTOMOVIL,Honda,Civic,2022,43849,4
AUTOMOVIL,Kia,Cerato,2012,40836,5
CAMIONETA,Chevrolet,Silverado,2023,56438,1408
AUTOMOVIL,Nissan,Versa,2013,41425,4
AUTOMOVIL,Chevrolet,Cruze,2024,45027,5
CAMIONETA,Toyota,Tacoma,2014,54014,1549
AUTOMOVIL,Honda,Civic,2025,45616,4
AUTOMOVIL,Kia,Cerato,2015,42603,5
CAMIONETA,Chevrolet,Silverado,2005,51590,1690
AUTOMOVIL,Nissan,Versa,2016,43192,4
AUTOMOVIL,Chevrolet,Cruze,2006,40179,5
CAMIONETA,Toyota,Tacoma,2017,55781,681
AUTOMOVIL,Honda,Civic,2007,40768,4
AUTOMOVIL,Kia,Cerato,2018,44370,5
CAMIONETA,Chevrolet,Silverado,2008,53357,822
AUTOMOVIL,Nissan,Versa,2019,44959,4
AUTOMOVIL,Chevrolet,Cruze,2009,41946,5
CAMIONETA,Toyota,Tacoma,2020,57548,963
AUTOMOVIL,Honda,Civic,2010,42535,4
AUTOMOVIL,Kia,Cerato,2021,46137,5
CAMIONETA,Chevrolet,Silverado,2011,55124,1104
AUTOMOVIL,Nissan,Versa,2022,46726,4
AUTOMOVIL,Chevrolet,Cruze,2012,43713,5
CAMIONETA,Toyota,Tacoma,2023,59315,1245
AUTOMOVIL,Honda,Civic,2013,44302,4
AUTOMOVIL,Kia,Cerato,2024,47904,5
CAMIONETA,Chevrolet,Silverado,2014,56891,1386
AUTOMOVIL,Nissan,Versa,2025,48493,4
AUTOMOVIL,Chevrolet,Cruze,2015,45480,5
CAMIONETA,Toyota,Tacoma,2005,54467,1527
AUTOMOVIL,Honda,Civic,2016,46069,4
AUTOMOVIL,Kia,Cerato,2006,43056,5
CAMIONETA,Chevrolet,Silverado,2017,58658,1668
AUTOMOVIL,Nissan,Versa,2007,43645,4
AUTOMOVIL,Chevrolet,Cruze,2018,47247,5
CAMIONETA,Toyota,Tacoma,2008,56234,659
AUTOMOVIL,Honda,Civic,2019,47836,4
AUTOMOVIL,Kia,Cerato,2009,44823,5
CAMIONETA,Chevrolet,Silverado,2020,60425,800
AUTOMOVIL,Nissan,Versa,2010,45412,4
AUTOMOVIL,Chevrolet,Cruze,2021,49014,5
CAMIONETA,Toyota,Tacoma,2011,58001,941
AUTOMOVIL,Honda,Civic,2022,49603,4
AUTOMOVIL,Kia,Cerato,2012,46590,5
CAMIONETA,Chevrolet,Silverado,2023,62192,1082
AUTOMOVIL,Nissan,Versa,2013,47179,4
AUTOMOVIL,Chevrolet,Cruze,2024,50781,5
CAMIONETA,Toyota,Tacoma,2014,59768,1223
AUTOMOVIL,Honda,Civic,2025,51370,4
AUTOMOVIL,Kia,Cerato,2015,48357,5
CAMIONETA,Chevrolet,Silverado,2005,57344,1364
AUTOMOVIL,Nissan,Versa,2016,48946,4
AUTOMOVIL,Chevrolet,Cruze,2006,45933,5
CAMIONETA,Toyota,Tacoma,2017,61535,1505
AUTOMOVIL,Honda,Civic,2007,46522,4
AUTOMOVIL,Kia,Cerato,2018,50124,5
CAMIONETA,Chevrolet,Silverado,2008,59111,1646
AUTOMOVIL,Nissan,Versa,2019,50713,4
AUTOMOVIL,Chevrolet,Cruze,2009,47700,5
CAMIONETA,Toyota,Tacoma,2020,63302,1787
AUTOMOVIL,Honda,Civic,2010,48289,4
AUTOMOVIL,Kia,Cerato,2021,51891,5
CAMIONETA,Chevrolet,Silverado,2011,60878,778
AUTOMOVIL,Nissan,Versa,2022,52480,4
AUTOMOVIL,Chevrolet,Cruze,2012,49467,5
CAMIONETA,Toyota,Tacoma,2023,65069,919
AUTOMOVIL,Honda,Civic,2013,50056,4
AUTOMOVIL,Kia,Cerato,2024,53658,5
CAMIONETA,Chevrolet,Silverado,2014,62645,1060
AUTOMOVIL,Nissan,Versa,2025,54247,4
AUTOMOVIL,Chevrolet,Cruze,2015,51234,5
CAMIONETA,Toyota,Tacoma,2005,60221,1201
AUTOMOVIL,Honda,Civic,2016,51823,4
AUTOMOVIL,Kia,Cerato,2006,48810,5
CAMIONETA,Chevrolet,Silverado,2017,64412,1342
AUTOMOVIL,Nissan,Versa,2007,49399,4
AUTOMOVIL,Chevrolet,Cruze,2018,53001,5
CAMIONETA,Toyota,Tacoma,2008,61988,1483
AUTOMOVIL,Honda,Civic,2019,53590,4
AUTOMOVIL,Kia,Cerato,2009,50577,5
CAMIONETA,Chevrolet,Silverado,2020,66179,1624
AUTOMOVIL,Nissan,Versa,2010,51166,4
AUTOMOVIL,Chevrolet,Cruze,2021,54768,5
CAMIONETA,Toyota,Tacoma,2011,63755,1765
AUTOMOVIL,Honda,Civic,2022,55357,4
AUTOMOVIL,Kia,Cerato,2012,52344,5
CAMIONETA,Chevrolet,Silverado,2023,67946,756
AUTOMOVIL,Nissan,Versa,2013,52933,4
AUTOMOVIL,Chevrolet,Cruze,2024,56535,5
CAMIONETA,Toyota,Tacoma,2014,65522,897
AUTOMOVIL,Honda,Civic,2025,57124,4
AUTOMOVIL,Kia,Cerato,2015,54111,5
CAMIONETA,Chevrolet,Silverado,2005,63098,1038
AUTOMOVIL,Nissan,Versa,2016,54700,4
AUTOMOVIL,Chevrolet,Cruze,2006,51687,5
CAMIONETA,Toyota,Tacoma,2017,67289,1179
AUTOMOVIL,Honda,Civic,2007,52276,4
AUTOMOVIL,Kia,Cerato,2018,55878,5
CAMIONETA,Chevrolet,Silverado,2008,64865,1320
AUTOMOVIL,Nissan,Versa,2019,56467,4
AUTOMOVIL,Chevrolet,Cruze,2009,53454,5
CAMIONETA,Toyota,Tacoma,2020,69056,1461
AUTOMOVIL,Honda,Civic,2010,54043,4
AUTOMOVIL,Kia,Cerato,2021,57645,5
CAMIONETA,Chevrolet,Silverado,2011,66632,1602
AUTOMOVIL,Nissan,Versa,2022,58234,4
AUTOMOVIL,Chevrolet,Cruze,2012,55221,5
CAMIONETA,Toyota,Tacoma,2023,70823,1743
AUTOMOVIL,Honda,Civic,2013,55810,4
AUTOMOVIL,Kia,Cerato,2024,59412,5
CAMIONETA,Chevrolet,Silverado,2014,68399,734
AUTOMOVIL,Nissan,Versa,2025,60001,4
AUTOMOVIL,Chevrolet,Cruze,2015,56988,5
CAMIONETA,Toyota,Tacoma,2005,65975,875
AUTOMOVIL,Honda,Civic,2016,57577,4
AUTOMOVIL,Kia,Cerato,2006,54564,5
CAMIONETA,Chevrolet,Silverado,2017,70166,1016
AUTOMOVIL,Nissan,Versa,2007,13153,4
AUTOMOVIL,Chevrolet,Cruze,2018,16755,5
CAMIONETA,Toyota,Tacoma,2008,25742,1157
AUTOMOVIL,Honda,Civic,2019,17344,4
AUTOMOVIL,Kia,Cerato,2009,14331,5
CAMIONETA,Chevrolet,Silverado,2020,29933,1298
AUTOMOVIL,Nissan,Versa,2010,14920,4
AUTOMOVIL,Chevrolet,Cruze,2021,18522,5
CAMIONETA,Toyota,Tacoma,2011,27509,1439
AUTOMOVIL,Honda,Civic,2022,19111,4
AUTOMOVIL,Kia,Cerato,2012,16098,5
CAMIONETA,Chevrolet,Silverado,2023,31700,1580
AUTOMOVIL,Nissan,Versa,2013,16687,4
AUTOMOVIL,Chevrolet,Cruze,2024,20289,5
CAMIONETA,Toyota,Tacoma,2014,29276,1721
AUTOMOVIL,Honda,Civic,2025,20878,4
AUTOMOVIL,Kia,Cerato,2015,17865,5
CAMIONETA,Chevrolet,Silverado,2005,26852,712
AUTOMOVIL,Nissan,Versa,2016,18454,4
AUTOMOVIL,Chevrolet,Cruze,2006,15441,5
CAMIONETA,Toyota,Tacoma,2017,31043,853
AUTOMOVIL,Honda,Civic,2007,16030,4
AUTOMOVIL,Kia,Cerato,2018,19632,5
CAMIONETA,Chevrolet,Silverado,2008,28619,994
AUTOMOVIL,Nissan,Versa,2019,20221,4
AUTOMOVIL,Chevrolet,Cruze,2009,17208,5
CAMIONETA,Toyota,Tacoma,2020,32810,1135
AUTOMOVIL,Honda,Civic,2010,17797,4
AUTOMOVIL,Kia,Cerato,2021,21399,5
CAMIONETA,Chevrolet,Silverado,2011,30386,1276
AUTOMOVIL,Nissan,Versa,2022,21988,4
AUTOMOVIL,Chevrolet,Cruze,2012,18975,5
CAMIONETA,Toyota,Tacoma,2023,34577,1417
AUTOMOVIL,Honda,Civic,2013,19564,4
AUTOMOVIL,Kia,Cerato,2024,23166,5
CAMIONETA,Chevrolet,Silverado,2014,32153,1558
AUTOMOVIL,Nissan,Versa,2025,23755,4
AUTOMOVIL,Chevrolet,Cruze,2015,20742,5
CAMIONETA,Toyota,Tacoma,2005,29729,1699
AUTOMOVIL,Honda,Civic,2016,21331,4
AUTOMOVIL,Kia,Cerato,2006,18318,5
CAMIONETA,Chevrolet,Silverado,2017,33920,690
AUTOMOVIL,Nissan,Versa,2007,18907,4
AUTOMOVIL,Chevrolet,Cruze,2018,22509,5
CAMIONETA,Toyota,Tacoma,2008,31496,831
AUTOMOVIL,Honda,Civic,2019,23098,4
AUTOMOVIL,Kia,Cerato,2009,20085,5
CAMIONETA,Chevrolet,Silverado,2020,35687,972
AUTOMOVIL,Nissan,Versa,2010,20674,4
AUTOMOVIL,Chevrolet,Cruze,2021,24276,5
CAMIONETA,Toyota,Tacoma,2011,33263,1113
AUTOMOVIL,Honda,Civic,2022,24865,4
AUTOMOVIL,Kia,Cerato,2012,21852,5
CAMIONETA,Chevrolet,Silverado,2023,37454,1254
AUTOMOVIL,Nissan,Versa,2013,22441,4
AUTOMOVIL,Chevrolet,Cruze,2024,26043,5
CAMIONETA,Toyota,Tacoma,2014,35030,1395
AUTOMOVIL,Honda,Civic,2025,26632,4
AUTOMOVIL,Kia,Cerato,2015,23619,5
CAMIONETA,Chevrolet,Silverado,2005,32606,1536
AUTOMOVIL,Nissan,Versa,2016,24208,4
AUTOMOVIL,Chevrolet,Cruze,2006,21195,5
CAMIONETA,Toyota,Tacoma,2017,36797,1677
AUTOMOVIL,Honda,Civic,2007,21784,4
AUTOMOVIL,Kia,Cerato,2018,25386,5
CAMIONETA,Chevrolet,Silverado,2008,34373,668
AUTOMOVIL,Nissan,Versa,2019,25975,4
AUTOMOVIL,Chevrolet,Cruze,2009,22962,5
CAMIONETA,Toyota,Tacoma,2020,38564,809
AUTOMOVIL,Honda,Civic,2010,23551,4
AUTOMOVIL,Kia,Cerato,2021,27153,5
CAMIONETA,Chevrolet,Silverado,2011,36140,950
AUTOMOVIL,Nissan,Versa,2022,27742,4
AUTOMOVIL,Chevrolet,Cruze,2012,24729,5
CAMIONETA,Toyota,Tacoma,2023,40331,1091
AUTOMOVIL,Honda,Civic,2013,25318,4
AUTOMOVIL,Kia,Cerato,2024,28920,5
CAMIONETA,Chevrolet,Silverado,2014,37907,1232
AUTOMOVIL,Nissan,Versa,2025,29509,4
AUTOMOVIL,Chevrolet,Cruze,2015,26496,5
CAMIONETA,Toyota,Tacoma,2005,35483,1373
AUTOMOVIL,Honda,Civic,2016,27085,4
AUTOMOVIL,Kia,Cerato,2006,24072,5
CAMIONETA,Chevrolet,Silverado,2017,39674,1514
AUTOMOVIL,Nissan,Versa,2007,24661,4
AUTOMOVIL,Chevrolet,Cruze,2018,28263,5
CAMIONETA,Toyota,Tacoma,2008,37250,1655
AUTOMOVIL,Honda,Civic,2019,28852,4
AUTOMOVIL,Kia,Cerato,2009,25839,5
CAMIONETA,Chevrolet,Silverado,2020,41441,1796
AUTOMOVIL,Nissan,Versa,2010,26428,4
AUTOMOVIL,Chevrolet,Cruze,2021,30030,5
CAMIONETA,Toyota,Tacoma,2011,39017,787
AUTOMOVIL,Honda,Civic,2022,30619,4
AUTOMOVIL,Kia,Cerato,2012,27606,5
CAMIONETA,Chevrolet,Silverado,2023,43208,928
AUTOMOVIL,Nissan,Versa,2013,28195,4
AUTOMOVIL,Chevrolet,Cruze,2024,31797,5
CAMIONETA,Toyota,Tacoma,2014,40784,1069
AUTOMOVIL,Honda,Civic,2025,32386,4
AUTOMOVIL,Kia,Cerato,2015,29373,5
CAMIONETA,Chevrolet,Silverado,2005,38360,1210
AUTOMOVIL,Nissan,Versa,2016,29962,4
AUTOMOVIL,Chevrolet,Cruze,2006,26949,5
CAMIONETA,Toyota,Tacoma,2017,42551,1351
AUTOMOVIL,Honda,Civic,2007,27538,4
AUTOMOVIL,Kia,Cerato,2018,31140,5
CAMIONETA,Chevrolet,Silverado,2008,40127,1492
AUTOMOVIL,Nissan,Versa,2019,31729,4
AUTOMOVIL,Chevrolet,Cruze,2009,28716,5
CAMIONETA,Toyota,Tacoma,2020,44318,1633
AUTOMOVIL,Honda,Civic,2010,29305,4
AUTOMOVIL,Kia,Cerato,2021,32907,5
CAMIONETA,Chevrolet,Silverado,2011,41894,1774
AUTOMOVIL,Nissan,Versa,2022,33496,4
AUTOMOVIL,Chevrolet,Cruze,2012,30483,5
CAMIONETA,Toyota,Tacoma,2023,46085,765
AUTOMOVIL,Honda,Civic,2013,31072,4
AUTOMOVIL,Kia,Cerato,2024,34674,5
CAMIONETA,Chevrolet,Silverado,2014,43661,906
AUTOMOVIL,Nissan,Versa,2025,35263,4
AUTOMOVIL,Chevrolet,Cruze,2015,32250,5
CAMIONETA,Toyota,Tacoma,2005,41237,1047
AUTOMOVIL,Honda,Civic,2016,32839,4
AUTOMOVIL,Kia,Cerato,2006,29826,5
CAMIONETA,Chevrolet,Silverado,2017,45428,1188
AUTOMOVIL,Nissan,Versa,2007,30415,4
AUTOMOVIL,Chevrolet,Cruze,2018,34017,5
CAMIONETA,Toyota,Tacoma,2008,43004,1329
AUTOMOVIL,Honda,Civic,2019,34606,4
AUTOMOVIL,Kia,Cerato,2009,31593,5
CAMIONETA,Chevrolet,Silverado,2020,47195,1470
AUTOMOVIL,Nissan,Versa,2010,32182,4
AUTOMOVIL,Chevrolet,Cruze,2021,35784,5
CAMIONETA,Toyota,Tacoma,2011,44771,1611
AUTOMOVIL,Honda,Civic,2022,36373,4
AUTOMOVIL,Kia,Cerato,2012,33360,5
CAMIONETA,Chevrolet,Silverado,2023,48962,1752
AUTOMOVIL,Nissan,Versa,2013,33949,4
AUTOMOVIL,Chevrolet,Cruze,2024,37551,5
CAMIONETA,Toyota,Tacoma,2014,46538,743
AUTOMOVIL,Honda,Civic,2025,38140,4
AUTOMOVIL,Kia,Cerato,2015,35127,5
CAMIONETA,Chevrolet,Silverado,2005,44114,884
AUTOMOVIL,Nissan,Versa,2016,35716,4
AUTOMOVIL,Chevrolet,Cruze,2006,32703,5
CAMIONETA,Toyota,Tacoma,2017,48305,1025
AUTOMOVIL,Honda,Civic,2007,33292,4
AUTOMOVIL,Kia,Cerato,2018,36894,5
CAMIONETA,Chevrolet,Silverado,2008,45881,1166
AUTOMOVIL,Nissan,Versa,2019,37483,4
AUTOMOVIL,Chevrolet,Cruze,2009,34470,5
CAMIONETA,Toyota,Tacoma,2020,50072,1307
AUTOMOVIL,Honda,Civic,2010,35059,4
AUTOMOVIL,Kia,Cerato,2021,38661,5
CAMIONETA,Chevrolet,Silverado,2011,47648,1448
AUTOMOVIL,Nissan,Versa,2022,39250,4
AUTOMOVIL,Chevrolet,Cruze,2012,36237,5
CAMIONETA,Toyota,Tacoma,2023,51839,1589
AUTOMOVIL,Honda,Civic,2013,36826,4
AUTOMOVIL,Kia,Cerato,2024,40428,5
CAMIONETA,Chevrolet,Silverado,2014,49415,1730
AUTOMOVIL,Nissan,Versa,2025,41017,4
AUTOMOVIL,Chevrolet,Cruze,2015,38004,5
CAMIONETA,Toyota,Tacoma,2005,46991,721
AUTOMOVIL,Honda,Civic,2016,38593,4
AUTOMOVIL,Kia,Cerato,2006,35580,5
CAMIONETA,Chevrolet,Silverado,2017,51182,862
AUTOMOVIL,Nissan,Versa,2007,36169,4
AUTOMOVIL,Chevrolet,Cruze,2018,39771,5
CAMIONETA,Toyota,Tacoma,2008,48758,1003
AUTOMOVIL,Honda,Civic,2019,40360,4
AUTOMOVIL,Kia,Cerato,2009,37347,5
CAMIONETA,Chevrolet,Silverado,2020,52949,1144
AUTOMOVIL,Nissan,Versa,2010,37936,4
AUTOMOVIL,Chevrolet,Cruze,2021,41538,5
CAMIONETA,Toyota,Tacoma,2011,50525,1285
AUTOMOVIL,Honda,Civic,2022,42127,4
AUTOMOVIL,Kia,Cerato,2012,39114,5
CAMIONETA,Chevrolet,Silverado,2023,54716,1426
AUTOMOVIL,Nissan,Versa,2013,39703,4
AUTOMOVIL,Chevrolet,Cruze,2024,43305,5
CAMIONETA,Toyota,Tacoma,2014,52292,1567
AUTOMOVIL,Honda,Civic,2025,43894,4
AUTOMOVIL,Kia,Cerato,2015,40881,5
CAMIONETA,Chevrolet,Silverado,2005,49868,1708
AUTOMOVIL,Nissan,Versa,2016,41470,4
AUTOMOVIL,Chevrolet,Cruze,2006,38457,5
CAMIONETA,Toyota,Tacoma,2017,54059,699
AUTOMOVIL,Honda,Civic,2007,39046,4
AUTOMOVIL,Kia,Cerato,2018,42648,5
CAMIONETA,Chevrolet,Silverado,2008,51635,840
AUTOMOVIL,Nissan,Versa,2019,43237,4
AUTOMOVIL,Chevrolet,Cruze,2009,40224,5
CAMIONETA,Toyota,Tacoma,2020,55826,981
AUTOMOVIL,Honda,Civic,2010,40813,4
AUTOMOVIL,Kia,Cerato,2021,44415,5
CAMIONETA,Chevrolet,Silverado,2011,53402,1122
AUTOMOVIL,Nissan,Versa,2022,45004,4
AUTOMOVIL,Chevrolet,Cruze,2012,41991,5
CAMIONETA,Toyota,Tacoma,2023,57593,1263
AUTOMOVIL,Honda,Civic,2013,42580,4
AUTOMOVIL,Kia,Cerato,2024,46182,5
CAMIONETA,Chevrolet,Silverado,2014,55169,1404
AUTOMOVIL,Nissan,Versa,2025,46771,4
AUTOMOVIL,Chevrolet,Cruze,2015,43758,5
CAMIONETA,Toyota,Tacoma,2005,52745,1545
AUTOMOVIL,Honda,Civic,2016,44347,4
AUTOMOVIL,Kia,Cerato,2006,41334,5
CAMIONETA,Chevrolet,Silverado,2017,56936,1686
AUTOMOVIL,Nissan,Versa,2007,41923,4
AUTOMOVIL,Chevrolet,Cruze,2018,45525,5
CAMIONETA,Toyota,Tacoma,2008,54512,677
AUTOMOVIL,Honda,Civic,2019,46114,4
AUTOMOVIL,Kia,Cerato,2009,43101,5
CAMIONETA,Chevrolet,Silverado,2020,58703,818
AUTOMOVIL,Nissan,Versa,2010,43690,4
AUTOMOVIL,Chevrolet,Cruze,2021,47292,5
CAMIONETA,Toyota,Tacoma,2011,56279,959
AUTOMOVIL,Honda,Civic,2022,47881,4
AUTOMOVIL,Kia,Cerato,2012,44868,5
CAMIONETA,Chevrolet,Silverado,2023,60470,1100
AUTOMOVIL,Nissan,Versa,2013,45457,4
AUTOMOVIL,Chevrolet,Cruze,2024,49059,5
CAMIONETA,Toyota,Tacoma,2014,58046,1241
AUTOMOVIL,Honda,Civic,2025,49648,4
AUTOMOVIL,Kia,Cerato,2015,46635,5
CAMIONETA,Chevrolet,Silverado,2005,55622,1382
AUTOMOVIL,Nissan,Versa,2016,47224,4
AUTOMOVIL,Chevrolet,Cruze,2006,44211,5
CAMIONETA,Toyota,Tacoma,2017,59813,1523
AUTOMOVIL,Honda,Civic,2007,44800,4
AUTOMOVIL,Kia,Cerato,2018,48402,5
CAMIONETA,Chevrolet,Silverado,2008,57389,1664
AUTOMOVIL,Nissan,Versa,2019,48991,4
AUTOMOVIL,Chevrolet,Cruze,2009,45978,5
CAMIONETA,Toyota,Tacoma,2020,61580,655
AUTOMOVIL,Honda,Civic,2010,46567,4
AUTOMOVIL,Kia,Cerato,2021,50169,5
CAMIONETA,Chevrolet,Silverado,2011,59156,796
AUTOMOVIL,Nissan,Versa,2022,50758,4
AUTOMOVIL,Chevrolet,Cruze,2012,47745,5
CAMIONETA,Toyota,Tacoma,2023,63347,937
AUTOMOVIL,Honda,Civic,2013,48334,4
AUTOMOVIL,Kia,Cerato,2024,51936,5
CAMIONETA,Chevrolet,Silverado,2014,60923,1078
AUTOMOVIL,Nissan,Versa,2025,52525,4
AUTOMOVIL,Chevrolet,Cruze,2015,49512,5
CAMIONETA,Toyota,Tacoma,2005,58499,1219
AUTOMOVIL,Honda,Civic,2016,50101,4
AUTOMOVIL,Kia,Cerato,2006,47088,5
CAMIONETA,Chevrolet,Silverado,2017,62690,1360
AUTOMOVIL,Nissan,Versa,2007,47677,4
AUTOMOVIL,Chevrolet,Cruze,2018,51279,5
CAMIONETA,Toyota,Tacoma,2008,60266,1501
AUTOMOVIL,Honda,Civic,2019,51868,4
AUTOMOVIL,Kia,Cerato,2009,48855,5
CAMIONETA,Chevrolet,Silverado,2020,64457,1642
AUTOMOVIL,Nissan,Versa,2010,49444,4
AUTOMOVIL,Chevrolet,Cruze,2021,53046,5
CAMIONETA,Toyota,Tacoma,2011,62033,1783
AUTOMOVIL,Honda,Civic,2022,53635,4
AUTOMOVIL,Kia,Cerato,2012,50622,5
CAMIONETA,Chevrolet,Silverado,2023,66224,774
AUTOMOVIL,Nissan,Versa,2013,51211,4
AUTOMOVIL,Chevrolet,Cruze,2024,54813,5
CAMIONETA,Toyota,Tacoma,2014,63800,915
AUTOMOVIL,Honda,Civic,2025,55402,4
AUTOMOVIL,Kia,Cerato,2015,52389,5
CAMIONETA,Chevrolet,Silverado,2005,61376,1056
AUTOMOVIL,Nissan,Versa,2016,52978,4
AUTOMOVIL,Chevrolet,Cruze,2006,49965,5
CAMIONETA,Toyota,Tacoma,2017,65567,1197
AUTOMOVIL,Honda,Civic,2007,50554,4
AUTOMOVIL,Kia,Cerato,2018,54156,5
CAMIONETA,Chevrolet,Silverado,2008,63143,1338
AUTOMOVIL,Nissan,Versa,2019,54745,4
AUTOMOVIL,Chevrolet,Cruze,2009,51732,5
CAMIONETA,Toyota,Tacoma,2020,67334,1479
AUTOMOVIL,Honda,Civic,2010,52321,4
AUTOMOVIL,Kia,Cerato,2021,55923,5
CAMIONETA,Chevrolet,Silverado,2011,64910,1620
AUTOMOVIL,Nissan,Versa,2022,56512,4
AUTOMOVIL,Chevrolet,Cruze,2012,53499,5
CAMIONETA,Toyota,Tacoma,2023,69101,1761
AUTOMOVIL,Honda,Civic,2013,54088,4
AUTOMOVIL,Kia,Cerato,2024,57690,5
CAMIONETA,Chevrolet,Silverado,2014,66677,752
AUTOMOVIL,Nissan,Versa,2025,58279,4
AUTOMOVIL,Chevrolet,Cruze,2015,55266,5
CAMIONETA,Toyota,Tacoma,2005,64253,893
AUTOMOVIL,Honda,Civic,2016,55855,4
AUTOMOVIL,Kia,Cerato,2006,52842,5
CAMIONETA,Chevrolet,Silverado,2017,68444,1034
AUTOMOVIL,Nissan,Versa,2007,53431,4
AUTOMOVIL,Chevrolet,Cruze,2018,57033,5
CAMIONETA,Toyota,Tacoma,2008,66020,1175
AUTOMOVIL,Honda,Civic,2019,57622,4
AUTOMOVIL,Kia,Cerato,2009,54609,5
CAMIONETA,Chevrolet,Silverado,2020,70211,1316
AUTOMOVIL,Nissan,Versa,2010,55198,4
AUTOMOVIL,Chevrolet,Cruze,2021,58800,5
CAMIONETA,Toyota,Tacoma,2011,67787,1457
AUTOMOVIL,Honda,Civic,2022,59389,4
AUTOMOVIL,Kia,Cerato,2012,56376,5
CAMIONETA,Chevrolet,Silverado,2023,71978,1598
AUTOMOVIL,Nissan,Versa,2013,56965,4
AUTOMOVIL,Chevrolet,Cruze,2024,18567,5
CAMIONETA,Toyota,Tacoma,2014,27554,1739
AUTOMOVIL,Honda,Civic,2025,19156,4
AUTOMOVIL,Kia,Cerato,2015,16143,5
CAMIONETA,Chevrolet,Silverado,2005,25130,730
AUTOMOVIL,Nissan,Versa,2016,16732,4
AUTOMOVIL,Chevrolet,Cruze,2006,13719,5
CAMIONETA,Toyota,Tacoma,2017,29321,871
AUTOMOVIL,Honda,Civic,2007,14308,4
AUTOMOVIL,Kia,Cerato,2018,17910,5
CAMIONETA,Chevrolet,Silverado,2008,26897,1012
AUTOMOVIL,Nissan,Versa,2019,18499,4
AUTOMOVIL,Chevrolet,Cruze,2009,15486,5
CAMIONETA,Toyota,Tacoma,2020,31088,1153
AUTOMOVIL,Honda,Civic,2010,16075,4
AUTOMOVIL,Kia,Cerato,2021,19677,5
CAMIONETA,Chevrolet,Silverado,2011,28664,1294
AUTOMOVIL,Nissan,Versa,2022,20266,4
AUTOMOVIL,Chevrolet,Cruze,2012,17253,5
CAMIONETA,Toyota,Tacoma,2023,32855,1435
AUTOMOVIL,Honda,Civic,2013,17842,4
AUTOMOVIL,Kia,Cerato,2024,21444,5
CAMIONETA,Chevrolet,Silverado,2014,30431,1576
AUTOMOVIL,Nissan,Versa,2025,22033,4
AUTOMOVIL,Chevrolet,Cruze,2015,19020,5
CAMIONETA,Toyota,Tacoma,2005,28007,1717
AUTOMOVIL,Honda,Civic,2016,19609,4
AUTOMOVIL,Kia,Cerato,2006,16596,5
CAMIONETA,Chevrolet,Silverado,2017,32198,708
AUTOMOVIL,Nissan,Versa,2007,17185,4
AUTOMOVIL,Chevrolet,Cruze,2018,20787,5
CAMIONETA,Toyota,Tacoma,2008,29774,849
AUTOMOVIL,Honda,Civic,2019,21376,4
AUTOMOVIL,Kia,Cerato,2009,18363,5
CAMIONETA,Chevrolet,Silverado,2020,33965,990
AUTOMOVIL,Nissan,Versa,2010,18952,4
AUTOMOVIL,Chevrolet,Cruze,2021,22554,5
CAMIONETA,Toyota,Tacoma,2011,31541,1131
AUTOMOVIL,Honda,Civic,2022,23143,4
AUTOMOVIL,Kia,Cerato,2012,20130,5
CAMIONETA,Chevrolet,Silverado,2023,35732,1272
AUTOMOVIL,Nissan,Versa,2013,20719,4
AUTOMOVIL,Chevrolet,Cruze,2024,24321,5
CAMIONETA,Toyota,Tacoma,2014,33308,1413
AUTOMOVIL,Honda,Civic,2025,24910,4
AUTOMOVIL,Kia,Cerato,2015,21897,5
CAMIONETA,Chevrolet,Silverado,2005,30884,1554
AUTOMOVIL,Nissan,Versa,2016,22486,4
AUTOMOVIL,Chevrolet,Cruze,2006,19473,5
CAMIONETA,Toyota,Tacoma,2017,35075,1695
AUTOMOVIL,Honda,Civic,2007,20062,4
AUTOMOVIL,Kia,Cerato,2018,23664,5
CAMIONETA,Chevrolet,Silverado,2008,32651,686
AUTOMOVIL,Nissan,Versa,2019,24253,4
AUTOMOVIL,Chevrolet,Cruze,2009,21240,5
CAMIONETA,Toyota,Tacoma,2020,36842,827
AUTOMOVIL,Honda,Civic,2010,21829,4
AUTOMOVIL,Kia,Cerato,2021,25431,5
CAMIONETA,Chevrolet,Silverado,2011,34418,968
AUTOMOVIL,Nissan,Versa,2022,26020,4
AUTOMOVIL,Chevrolet,Cruze,2012,23007,5
CAMIONETA,Toyota,Tacoma,2023,38609,1109
AUTOMOVIL,Honda,Civic,2013,23596,4
AUTOMOVIL,Kia,Cerato,2024,27198,5
CAMIONETA,Chevrolet,Silverado,2014,36185,1250
AUTOMOVIL,Nissan,Versa,2025,27787,4
AUTOMOVIL,Chevrolet,Cruze,2015,24774,5
CAMIONETA,Toyota,Tacoma,2005,33761,1391
AUTOMOVIL,Honda,Civic,2016,25363,4
AUTOMOVIL,Kia,Cerato,2006,22350,5
CAMIONETA,Chevrolet,Silverado,2017,37952,1532
AUTOMOVIL,Nissan,Versa,2007,22939,4
AUTOMOVIL,Chevrolet,Cruze,2018,26541,5
CAMIONETA,Toyota,Tacoma,2008,35528,1673
AUTOMOVIL,Honda,Civic,2019,27130,4
AUTOMOVIL,Kia,Cerato,2009,24117,5
CAMIONETA,Chevrolet,Silverado,2020,39719,664
AUTOMOVIL,Nissan,Versa,2010,24706,4
AUTOMOVIL,Chevrolet,Cruze,2021,28308,5
CAMIONETA,Toyota,Tacoma,2011,37295,805
AUTOMOVIL,Honda,Civic,2022,28897,4
AUTOMOVIL,Kia,Cerato,2012,25884,5
CAMIONETA,Chevrolet,Silverado,2023,41486,946
AUTOMOVIL,Nissan,Versa,2013,26473,4
AUTOMOVIL,Chevrolet,Cruze,2024,30075,5
CAMIONETA,Toyota,Tacoma,2014,39062,1087
AUTOMOVIL,Honda,Civic,2025,30664,4
AUTOMOVIL,Kia,Cerato,2015,27651,5
CAMIONETA,Chevrolet,Silverado,2005,36638,1228
AUTOMOVIL,Nissan,Versa,2016,28240,4
AUTOMOVIL,Chevrolet,Cruze,2006,25227,5
CAMIONETA,Toyota,Tacoma,2017,40829,1369
AUTOMOVIL,Honda,Civic,2007,25816,4
AUTOMOVIL,Kia,Cerato,2018,29418,5
CAMIONETA,Chevrolet,Silverado,2008,38405,1510
AUTOMOVIL,Nissan,Versa,2019,30007,4
AUTOMOVIL,Chevrolet,Cruze,2009,26994,5
CAMIONETA,Toyota,Tacoma,2020,42596,1651
AUTOMOVIL,Honda,Civic,2010,27583,4
AUTOMOVIL,Kia,Cerato,2021,31185,5
CAMIONETA,Chevrolet,Silverado,2011,40172,1792
AUTOMOVIL,Nissan,Versa,2022,31774,4
AUTOMOVIL,Chevrolet,Cruze,2012,28761,5
CAMIONETA,Toyota,Tacoma,2023,44363,783
AUTOMOVIL,Honda,Civic,2013,29350,4
AUTOMOVIL,Kia,Cerato,2024,32952,5
CAMIONETA,Chevrolet,Silverado,2014,41939,924
AUTOMOVIL,Nissan,Versa,2025,33541,4
AUTOMOVIL,Chevrolet,Cruze,2015,30528,5
CAMIONETA,Toyota,Tacoma,2005,39515,1065
AUTOMOVIL,Honda,Civic,2016,31117,4
AUTOMOVIL,Kia,Cerato,2006,28104,5
CAMIONETA,Chevrolet,Silverado,2017,43706,1206
AUTOMOVIL,Nissan,Versa,2007,28693,4
AUTOMOVIL,Chevrolet,Cruze,2018,32295,5
CAMIONETA,Toyota,Tacoma,2008,41282,1347
AUTOMOVIL,Honda,Civic,2019,32884,4
AUTOMOVIL,Kia,Cerato,2009,29871,5
CAMIONETA,Chevrolet,Silverado,2020,45473,1488
AUTOMOVIL,Nissan,Versa,2010,30460,4
AUTOMOVIL,Chevrolet,Cruze,2021,34062,5
CAMIONETA,Toyota,Tacoma,2011,43049,1629
AUTOMOVIL,Honda,Civic,2022,34651,4
AUTOMOVIL,Kia,Cerato,2012,31638,5
CAMIONETA,Chevrolet,Silverado,2023,47240,1770
AUTOMOVIL,Nissan,Versa,2013,32227,4
AUTOMOVIL,Chevrolet,Cruze,2024,35829,5
CAMIONETA,Toyota,Tacoma,2014,44816,761
AUTOMOVIL,Honda,Civic,2025,36418,4
AUTOMOVIL,Kia,Cerato,2015,33405,5
CAMIONETA,Chevrolet,Silverado,2005,42392,902
AUTOMOVIL,Nissan,Versa,2016,33994,4
AUTOMOVIL,Chevrolet,Cruze,2006,30981,5
CAMIONETA,Toyota,Tacoma,2017,46583,1043
AUTOMOVIL,Honda,Civic,2007,31570,4
AUTOMOVIL,Kia,Cerato,2018,35172,5
CAMIONETA,Chevrolet,Silverado,2008,44159,1184
AUTOMOVIL,Nissan,Versa,2019,35761,4
AUTOMOVIL,Chevrolet,Cruze,2009,32748,5
CAMIONETA,Toyota,Tacoma,2020,48350,1325
AUTOMOVIL,Honda,Civic,2010,33337,4
AUTOMOVIL,Kia,Cerato,2021,36939,5
CAMIONETA,Chevrolet,Silverado,2011,45926,1466
AUTOMOVIL,Nissan,Versa,2022,37528,4
AUTOMOVIL,Chevrolet,Cruze,2012,34515,5
CAMIONETA,Toyota,Tacoma,2023,50117,1607
AUTOMOVIL,Honda,Civic,2013,35104,4
AUTOMOVIL,Kia,Cerato,2024,38706,5
CAMIONETA,Chevrolet,Silverado,2014,47693,1748
AUTOMOVIL,Nissan,Versa,2025,39295,4
AUTOMOVIL,Chevrolet,Cruze,2015,36282,5
CAMIONETA,Toyota,Tacoma,2005,45269,739
AUTOMOVIL,Honda,Civic,2016,36871,4
AUTOMOVIL,Kia,Cerato,2006,33858,5
CAMIONETA,Chevrolet,Silverado,2017,49460,880
AUTOMOVIL,Nissan,Versa,2007,34447,4
AUTOMOVIL,Chevrolet,Cruze,2018,38049,5
CAMIONETA,Toyota,Tacoma,2008,47036,1021
AUTOMOVIL,Honda,Civic,2019,38638,4
AUTOMOVIL,Kia,Cerato,2009,35625,5
CAMIONETA,Chevrolet,Silverado,2020,51227,1162
AUTOMOVIL,Nissan,Versa,2010,36214,4
AUTOMOVIL,Chevrolet,Cruze,2021,39816,5
CAMIONETA,Toyota,Tacoma,2011,48803,1303
AUTOMOVIL,Honda,Civic,2022,40405,4
AUTOMOVIL,Kia,Cerato,2012,37392,5
CAMIONETA,Chevrolet,Silverado,2023,52994,1444
AUTOMOVIL,Nissan,Versa,2013,37981,4
AUTOMOVIL,Chevrolet,Cruze,2024,41583,5
CAMIONETA,Toyota,Tacoma,2014,50570,1585
AUTOMOVIL,Honda,Civic,2025,42172,4
AUTOMOVIL,Kia,Cerato,2015,39159,5
CAMIONETA,Chevrolet,Silverado,2005,48146,1726
AUTOMOVIL,Nissan,Versa,2016,39748,4
AUTOMOVIL,Chevrolet,Cruze,2006,36735,5
CAMIONETA,Toyota,Tacoma,2017,52337,717
AUTOMOVIL,Honda,Civic,2007,37324,4
AUTOMOVIL,Kia,Cerato,2018,40926,5
CAMIONETA,Chevrolet,Silverado,2008,49913,858
AUTOMOVIL,Nissan,Versa,2019,41515,4
AUTOMOVIL,Chevrolet,Cruze,2009,38502,5
CAMIONETA,Toyota,Tacoma,2020,54104,999
AUTOMOVIL,Honda,Civic,2010,39091,4
AUTOMOVIL,Kia,Cerato,2021,42693,5
CAMIONETA,Chevrolet,Silverado,2011,51680,1140
AUTOMOVIL,Nissan,Versa,2022,43282,4
AUTOMOVIL,Chevrolet,Cruze,2012,40269,5
CAMIONETA,Toyota,Tacoma,2023,55871,1281
AUTOMOVIL,Honda,Civic,2013,40858,4
AUTOMOVIL,Kia,Cerato,2024,44460,5
CAMIONETA,Chevrolet,Silverado,2014,53447,1422
AUTOMOVIL,Nissan,Versa,2025,45049,4
AUTOMOVIL,Chevrolet,Cruze,2015,42036,5
CAMIONETA,Toyota,Tacoma,2005,51023,1563
AUTOMOVIL,Honda,Civic,2016,42625,4
AUTOMOVIL,Kia,Cerato,2006,39612,5
CAMIONETA,Chevrolet,Silverado,2017,55214,1704
AUTOMOVIL,Nissan,Versa,2007,40201,4
AUTOMOVIL,Chevrolet,Cruze,2018,43803,5
CAMIONETA,Toyota,Tacoma,2008,52790,695
AUTOMOVIL,Honda,Civic,2019,44392,4
AUTOMOVIL,Kia,Cerato,2009,41379,5
CAMIONETA,Chevrolet,Silverado,2020,56981,836
AUTOMOVIL,Nissan,Versa,2010,41968,4
AUTOMOVIL,Chevrolet,Cruze,2021,45570,5
CAMIONETA,Toyota,Tacoma,2011,54557,977
AUTOMOVIL,Honda,Civic,2022,46159,4
AUTOMOVIL,Kia,Cerato,2012,43146,5
CAMIONETA,Chevrolet,Silverado,2023,58748,1118
AUTOMOVIL,Nissan,Versa,2013,43735,4
AUTOMOVIL,Chevrolet,Cruze,2024,47337,5
CAMIONETA,Toyota,Tacoma,2014,56324,1259
AUTOMOVIL,Honda,Civic,2025,47926,4
AUTOMOVIL,Kia,Cerato,2015,44913,5
CAMIONETA,Chevrolet,Silverado,2005,53900,1400
AUTOMOVIL,Nissan,Versa,2016,45502,4
AUTOMOVIL,Chevrolet,Cruze,2006,42489,5
CAMIONETA,Toyota,Tacoma,2017,58091,1541
AUTOMOVIL,Honda,Civic,2007,43078,4
AUTOMOVIL,Kia,Cerato,2018,46680,5
CAMIONETA,Chevrolet,Silverado,2008,55667,1682
AUTOMOVIL,Nissan,Versa,2019,47269,4
AUTOMOVIL,Chevrolet,Cruze,2009,44256,5
CAMIONETA,Toyota,Tacoma,2020,59858,673
AUTOMOVIL,Honda,Civic,2010,44845,4
AUTOMOVIL,Kia,Cerato,2021,48447,5
CAMIONETA,Chevrolet,Silverado,2011,57434,814
AUTOMOVIL,Nissan,Versa,2022,49036,4
AUTOMOVIL,Chevrolet,Cruze,2012,46023,5
CAMIONETA,Toyota,Tacoma,2023,61625,955
AUTOMOVIL,Honda,Civic,2013,46612,4
AUTOMOVIL,Kia,Cerato,2024,50214,5
CAMIONETA,Chevrolet,Silverado,2014,59201,1096
AUTOMOVIL,Nissan,Versa,2025,50803,4
AUTOMOVIL,Chevrolet,Cruze,2015,47790,5
CAMIONETA,Toyota,Tacoma,2005,56777,1237
AUTOMOVIL,Honda,Civic,2016,48379,4
AUTOMOVIL,Kia,Cerato,2006,45366,5
CAMIONETA,Chevrolet,Silverado,2017,60968,1378
AUTOMOVIL,Nissan,Versa,2007,45955,4
AUTOMOVIL,Chevrolet,Cruze,2018,49557,5
CAMIONETA,Toyota,Tacoma,2008,58544,1519
AUTOMOVIL,Honda,Civic,2019,50146,4
AUTOMOVIL,Kia,Cerato,2009,47133,5
CAMIONETA,Chevrolet,Silverado,2020,62735,1660
AUTOMOVIL,Nissan,Versa,2010,47722,4
AUTOMOVIL,Chevrolet,Cruze,2021,51324,5
CAMIONETA,Toyota,Tacoma,2011,60311,651
AUTOMOVIL,Honda,Civic,2022,51913,4
AUTOMOVIL,Kia,Cerato,2012,48900,5
CAMIONETA,Chevrolet,Silverado,2023,64502,792
AUTOMOVIL,Nissan,Versa,2013,49489,4
AUTOMOVIL,Chevrolet,Cruze,2024,53091,5
CAMIONETA,Toyota,Tacoma,2014,62078,933
AUTOMOVIL,Honda,Civic,2025,53680,4
AUTOMOVIL,Kia,Cerato,2015,50667,5
CAMIONETA,Chevrolet,Silverado,2005,59654,1074
AUTOMOVIL,Nissan,Versa,2016,51256,4
AUTOMOVIL,Chevrolet,Cruze,2006,48243,5
CAMIONETA,Toyota,Tacoma,2017,63845,1215
AUTOMOVIL,Honda,Civic,2007,48832,4
AUTOMOVIL,Kia,Cerato,2018,52434,5
CAMIONETA,Chevrolet,Silverado,2008,61421,1356
AUTOMOVIL,Nissan,Versa,2019,53023,4
AUTOMOVIL,Chevrolet,Cruze,2009,50010,5
CAMIONETA,Toyota,Tacoma,2020,65612,1497
AUTOMOVIL,Honda,Civic,2010,50599,4
AUTOMOVIL,Kia,Cerato,2021,54201,5
CAMIONETA,Chevrolet,Silverado,2011,63188,1638
AUTOMOVIL,Nissan,Versa,2022,54790,4
AUTOMOVIL,Chevrolet,Cruze,2012,51777,5
CAMIONETA,Toyota,Tacoma,2023,67379,1779
AUTOMOVIL,Honda,Civic,2013,52366,4
AUTOMOVIL,Kia,Cerato,2024,55968,5
CAMIONETA,Chevrolet,Silverado,2014,64955,770
AUTOMOVIL,Nissan,Versa,2025,56557,4
AUTOMOVIL,Chevrolet,Cruze,2015,53544,5
CAMIONETA,Toyota,Tacoma,2005,62531,911
AUTOMOVIL,Honda,Civic,2016,54133,4
AUTOMOVIL,Kia,Cerato,2006,51120,5
CAMIONETA,Chevrolet,Silverado,2017,66722,1052
AUTOMOVIL,Nissan,Versa,2007,51709,4
AUTOMOVIL,Chevrolet,Cruze,2018,55311,5
CAMIONETA,Toyota,Tacoma,2008,64298,1193
AUTOMOVIL,Honda,Civic,2019,55900,4
AUTOMOVIL,Kia,Cerato,2009,52887,5
CAMIONETA,Chevrolet,Silverado,2020,68489,1334
AUTOMOVIL,Nissan,Versa,2010,53476,4
AUTOMOVIL,Chevrolet,Cruze,2021,57078,5
CAMIONETA,Toyota,Tacoma,2011,66065,1475
AUTOMOVIL,Honda,Civic,2022,57667,4
AUTOMOVIL,Kia,Cerato,2012,54654,5
CAMIONETA,Chevrolet,Silverado,2023,70256,1616
AUTOMOVIL,Nissan,Versa,2013,55243,4
AUTOMOVIL,Chevrolet,Cruze,2024,58845,5
CAMIONETA,Toyota,Tacoma,2014,67832,1757
AUTOMOVIL,Honda,Civic,2025,59434,4
AUTOMOVIL,Kia,Cerato,2015,56421,5
CAMIONETA,Chevrolet,Silverado,2005,65408,748
AUTOMOVIL,Nissan,Versa,2016,57010,4
AUTOMOVIL,Chevrolet,Cruze,2006,53997,5
CAMIONETA,Toyota,Tacoma,2017,69599,889
AUTOMOVIL,Honda,Civic,2007,54586,4
AUTOMOVIL,Kia,Cerato,2018,58188,5
CAMIONETA,Chevrolet,Silverado,2008,67175,1030
AUTOMOVIL,Nissan,Versa,2019,58777,4
AUTOMOVIL,Chevrolet,Cruze,2009,13764,5
CAMIONETA,Toyota,Tacoma,2020,29366,1171
AUTOMOVIL,Honda,Civic,2010,14353,4
AUTOMOVIL,Kia,Cerato,2021,17955,5
CAMIONETA,Chevrolet,Silverado,2011,26942,1312
AUTOMOVIL,Nissan,Versa,2022,18544,4
AUTOMOVIL,Chevrolet,Cruze,2012,15531,5
CAMIONETA,Toyota,Tacoma,2023,31133,1453
AUTOMOVIL,Honda,Civic,2013,16120,4
AUTOMOVIL,Kia,Cerato,2024,19722,5
CAMIONETA,Chevrolet,Silverado,2014,28709,1594
AUTOMOVIL,Nissan,Versa,2025,20311,4
AUTOMOVIL,Chevrolet,Cruze,2015,17298,5
CAMIONETA,Toyota,Tacoma,2005,26285,1735
AUTOMOVIL,Honda,Civic,2016,17887,4
AUTOMOVIL,Kia,Cerato,2006,14874,5
CAMIONETA,Chevrolet,Silverado,2017,30476,726
AUTOMOVIL,Nissan,Versa,2007,15463,4
AUTOMOVIL,Chevrolet,Cruze,2018,19065,5
CAMIONETA,Toyota,Tacoma,2008,28052,867
AUTOMOVIL,Honda,Civic,2019,19654,4
AUTOMOVIL,Kia,Cerato,2009,16641,5
CAMIONETA,Chevrolet,Silverado,2020,32243,1008
AUTOMOVIL,Nissan,Versa,2010,17230,4
AUTOMOVIL,Chevrolet,Cruze,2021,20832,5
CAMIONETA,Toyota,Tacoma,2011,29819,1149
AUTOMOVIL,Honda,Civic,2022,21421,4
AUTOMOVIL,Kia,Cerato,2012,18408,5
CAMIONETA,Chevrolet,Silverado,2023,34010,1290
AUTOMOVIL,Nissan,Versa,2013,18997,4
AUTOMOVIL,Chevrolet,Cruze,2024,22599,5
CAMIONETA,Toyota,Tacoma,2014,31586,1431
AUTOMOVIL,Honda,Civic,2025,23188,4
AUTOMOVIL,Kia,Cerato,2015,20175,5
CAMIONETA,Chevrolet,Silverado,2005,29162,1572
AUTOMOVIL,Nissan,Versa,2016,20764,4
AUTOMOVIL,Chevrolet,Cruze,2006,17751,5
CAMIONETA,Toyota,Tacoma,2017,33353,1713
AUTOMOVIL,Honda,Civic,2007,18340,4
AUTOMOVIL,Kia,Cerato,2018,21942,5
CAMIONETA,Chevrolet,Silverado,2008,30929,704
AUTOMOVIL,Nissan,Versa,2019,22531,4
AUTOMOVIL,Chevrolet,Cruze,2009,19518,5
CAMIONETA,Toyota,Tacoma,2020,35120,845
AUTOMOVIL,Honda,Civic,2010,20107,4
AUTOMOVIL,Kia,Cerato,2021,23709,5
CAMIONETA,Chevrolet,Silverado,2011,32696,986
AUTOMOVIL,Nissan,Versa,2022,24298,4
AUTOMOVIL,Chevrolet,Cruze,2012,21285,5
CAMIONETA,Toyota,Tacoma,2023,36887,1127
AUTOMOVIL,Honda,Civic,2013,21874,4
AUTOMOVIL,Kia,Cerato,2024,25476,5
CAMIONETA,Chevrolet,Silverado,2014,34463,1268
AUTOMOVIL,Nissan,Versa,2025,26065,4
AUTOMOVIL,Chevrolet,Cruze,2015,23052,5
CAMIONETA,Toyota,Tacoma,2005,32039,1409
AUTOMOVIL,Honda,Civic,2016,23641,4
AUTOMOVIL,Kia,Cerato,2006,20628,5
CAMIONETA,Chevrolet,Silverado,2017,36230,1550
AUTOMOVIL,Nissan,Versa,2007,21217,4
AUTOMOVIL,Chevrolet,Cruze,2018,24819,5
CAMIONETA,Toyota,Tacoma,2008,33806,1691
AUTOMOVIL,Honda,Civic,2019,25408,4
AUTOMOVIL,Kia,Cerato,2009,22395,5
CAMIONETA,Chevrolet,Silverado,2020,37997,682
AUTOMOVIL,Nissan,Versa,2010,22984,4
AUTOMOVIL,Chevrolet,Cruze,2021,26586,5
CAMIONETA,Toyota,Tacoma,2011,35573,823
AUTOMOVIL,Honda,Civic,2022,27175,4
AUTOMOVIL,Kia,Cerato,2012,24162,5
CAMIONETA,Chevrolet,Silverado,2023,39764,964
AUTOMOVIL,Nissan,Versa,2013,24751,4
AUTOMOVIL,Chevrolet,Cruze,2024,28353,5
CAMIONETA,Toyota,Tacoma,2014,37340,1105
AUTOMOVIL,Honda,Civic,2025,28942,4
AUTOMOVIL,Kia,Cerato,2015,25929,5
CAMIONETA,Chevrolet,Silverado,2005,34916,1246
AUTOMOVIL,Nissan,Versa,2016,26518,4
AUTOMOVIL,Chevrolet,Cruze,2006,23505,5
CAMIONETA,Toyota,Tacoma,2017,39107,1387
AUTOMOVIL,Honda,Civic,2007,24094,4
AUTOMOVIL,Kia,Cerato,2018,27696,5
CAMIONETA,Chevrolet,Silverado,2008,36683,1528
AUTOMOVIL,Nissan,Versa,2019,28285,4
AUTOMOVIL,Chevrolet,Cruze,2009,25272,5
CAMIONETA,Toyota,Tacoma,2020,40874,1669
AUTOMOVIL,Honda,Civic,2010,25861,4
AUTOMOVIL,Kia,Cerato,2021,29463,5
CAMIONETA,Chevrolet,Silverado,2011,38450,660
AUTOMOVIL,Nissan,Versa,2022,30052,4
AUTOMOVIL,Chevrolet,Cruze,2012,27039,5
CAMIONETA,Toyota,Tacoma,2023,42641,801
AUTOMOVIL,Honda,Civic,2013,27628,4
AUTOMOVIL,Kia,Cerato,2024,31230,5
CAMIONETA,Chevrolet,Silverado,2014,40217,942
AUTOMOVIL,Nissan,Versa,2025,31819,4
AUTOMOVIL,Chevrolet,Cruze,2015,28806,5
CAMIONETA,Toyota,Tacoma,2005,37793,1083
AUTOMOVIL,Honda,Civic,2016,29395,4
AUTOMOVIL,Kia,Cerato,2006,26382,5
CAMIONETA,Chevrolet,Silverado,2017,41984,1224
AUTOMOVIL,Nissan,Versa,2007,26971,4
AUTOMOVIL,Chevrolet,Cruze,2018,30573,5
CAMIONETA,Toyota,Tacoma,2008,39560,1365
AUTOMOVIL,Honda,Civic,2019,31162,4
AUTOMOVIL,Kia,Cerato,2009,28149,5
CAMIONETA,Chevrolet,Silverado,2020,43751,1506
AUTOMOVIL,Nissan,Versa,2010,28738,4
AUTOMOVIL,Chevrolet,Cruze,2021,32340,5
CAMIONETA,Toyota,Tacoma,2011,41327,1647
AUTOMOVIL,Honda,Civic,2022,32929,4
AUTOMOVIL,Kia,Cerato,2012,29916,5
CAMIONETA,Chevrolet,Silverado,2023,45518,1788
AUTOMOVIL,Nissan,Versa,2013,30505,4
AUTOMOVIL,Chevrolet,Cruze,2024,34107,5
CAMIONETA,Toyota,Tacoma,2014,43094,779
AUTOMOVIL,Honda,Civic,2025,34696,4
AUTOMOVIL,Kia,Cerato,2015,31683,5
CAMIONETA,Chevrolet,Silverado,2005,40670,920
AUTOMOVIL,Nissan,Versa,2016,32272,4
AUTOMOVIL,Chevrolet,Cruze,2006,29259,5
CAMIONETA,Toyota,Tacoma,2017,44861,1061
AUTOMOVIL,Honda,Civic,2007,29848,4
AUTOMOVIL,Kia,Cerato,2018,33450,5
CAMIONETA,Chevrolet,Silverado,2008,42437,1202
AUTOMOVIL,Nissan,Versa,2019,34039,4
AUTOMOVIL,Chevrolet,Cruze,2009,31026,5
CAMIONETA,Toyota,Tacoma,2020,46628,1343
AUTOMOVIL,Honda,Civic,2010,31615,4
AUTOMOVIL,Kia,Cerato,2021,35217,5
CAMIONETA,Chevrolet,Silverado,2011,44204,1484
AUTOMOVIL,Nissan,Versa,2022,35806,4
AUTOMOVIL,Chevrolet,Cruze,2012,32793,5
CAMIONETA,Toyota,Tacoma,2023,48395,1625
AUTOMOVIL,Honda,Civic,2013,33382,4
AUTOMOVIL,Kia,Cerato,2024,36984,5
CAMIONETA,Chevrolet,Silverado,2014,45971,1766
AUTOMOVIL,Nissan,Versa,2025,37573,4
AUTOMOVIL,Chevrolet,Cruze,2015,34560,5
CAMIONETA,Toyota,Tacoma,2005,43547,757
AUTOMOVIL,Honda,Civic,2016,35149,4
AUTOMOVIL,Kia,Cerato,2006,32136,5
CAMIONETA,Chevrolet,Silverado,2017,47738,898
AUTOMOVIL,Nissan,Versa,2007,32725,4
AUTOMOVIL,Chevrolet,Cruze,2018,36327,5
CAMIONETA,Toyota,Tacoma,2008,45314,1039
AUTOMOVIL,Honda,Civic,2019,36916,4
AUTOMOVIL,Kia,Cerato,2009,33903,5
CAMIONETA,Chevrolet,Silverado,2020,49505,1180
AUTOMOVIL,Nissan,Versa,2010,34492,4
AUTOMOVIL,Chevrolet,Cruze,2021,38094,5
CAMIONETA,Toyota,Tacoma,2011,47081,1321
AUTOMOVIL,Honda,Civic,2022,38683,4
AUTOMOVIL,Kia,Cerato,2012,35670,5
CAMIONETA,Chevrolet,Silverado,2023,51272,1462
AUTOMOVIL,Nissan,Versa,2013,36259,4
AUTOMOVIL,Chevrolet,Cruze,2024,39861,5
CAMIONETA,Toyota,Tacoma,2014,48848,1603
AUTOMOVIL,Honda,Civic,2025,40450,4
AUTOMOVIL,Kia,Cerato,2015,37437,5
CAMIONETA,Chevrolet,Silverado,2005,46424,1744
AUTOMOVIL,Nissan,Versa,2016,38026,4
AUTOMOVIL,Chevrolet,Cruze,2006,35013,5
CAMIONETA,Toyota,Tacoma,2017,50615,735
AUTOMOVIL,Honda,Civic,2007,35602,4
AUTOMOVIL,Kia,Cerato,2018,39204,5
CAMIONETA,Chevrolet,Silverado,2008,48191,876
AUTOMOVIL,Nissan,Versa,2019,39793,4
AUTOMOVIL,Chevrolet,Cruze,2009,36780,5
CAMIONETA,Toyota,Tacoma,2020,52382,1017
AUTOMOVIL,Honda,Civic,2010,37369,4
AUTOMOVIL,Kia,Cerato,2021,40971,5
CAMIONETA,Chevrolet,Silverado,2011,49958,1158
AUTOMOVIL,Nissan,Versa,2022,41560,4
AUTOMOVIL,Chevrolet,Cruze,2012,38547,5
CAMIONETA,Toyota,Tacoma,2023,54149,1299
AUTOMOVIL,Honda,Civic,2013,39136,4
AUTOMOVIL,Kia,Cerato,2024,42738,5
CAMIONETA,Chevrolet,Silverado,2014,51725,1440
AUTOMOVIL,Nissan,Versa,2025,43327,4
AUTOMOVIL,Chevrolet,Cruze,2015,40314,5
CAMIONETA,Toyota,Tacoma,2005,49301,1581
AUTOMOVIL,Honda,Civic,2016,40903,4
AUTOMOVIL,Kia,Cerato,2006,37890,5
CAMIONETA,Chevrolet,Silverado,2017,53492,1722
AUTOMOVIL,Nissan,Versa,2007,38479,4
AUTOMOVIL,Chevrolet,Cruze,2018,42081,5
CAMIONETA,Toyota,Tacoma,2008,51068,713
AUTOMOVIL,Honda,Civic,2019,42670,4
AUTOMOVIL,Kia,Cerato,2009,39657,5
CAMIONETA,Chevrolet,Silverado,2020,55259,854
AUTOMOVIL,Nissan,Versa,2010,40246,4
AUTOMOVIL,Chevrolet,Cruze,2021,43848,5
CAMIONETA,Toyota,Tacoma,2011,52835,995
AUTOMOVIL,Honda,Civic,2022,44437,4
AUTOMOVIL,Kia,Cerato,2012,41424,5
CAMIONETA,Chevrolet,Silverado,2023,57026,1136
AUTOMOVIL,Nissan,Versa,2013,42013,4
AUTOMOVIL,Chevrolet,Cruze,2024,45615,5
CAMIONETA,Toyota,Tacoma,2014,54602,1277
AUTOMOVIL,Honda,Civic,2025,46204,4
AUTOMOVIL,Kia,Cerato,2015,43191,5
CAMIONETA,Chevrolet,Silverado,2005,52178,1418
AUTOMOVIL,Nissan,Versa,2016,43780,4
AUTOMOVIL,Chevrolet,Cruze,2006,40767,5
CAMIONETA,Toyota,Tacoma,2017,56369,1559
AUTOMOVIL,Honda,Civic,2007,41356,4
AUTOMOVIL,Kia,Cerato,2018,44958,5
CAMIONETA,Chevrolet,Silverado,2008,53945,1700
AUTOMOVIL,Nissan,Versa,2019,45547,4
AUTOMOVIL,Chevrolet,Cruze,2009,42534,5
CAMIONETA,Toyota,Tacoma,2020,58136,691
AUTOMOVIL,Honda,Civic,2010,43123,4
AUTOMOVIL,Kia,Cerato,2021,46725,5
CAMIONETA,Chevrolet,Silverado,2011,55712,832
AUTOMOVIL,Nissan,Versa,2022,47314,4
AUTOMOVIL,Chevrolet,Cruze,2012,44301,5
CAMIONETA,Toyota,Tacoma,2023,59903,973
AUTOMOVIL,Honda,Civic,2013,44890,4
AUTOMOVIL,Kia,Cerato,2024,48492,5
CAMIONETA,Chevrolet,Silverado,2014,57479,1114
AUTOMOVIL,Nissan,Versa,2025,49081,4
AUTOMOVIL,Chevrolet,Cruze,2015,46068,5
CAMIONETA,Toyota,Tacoma,2005,55055,1255
AUTOMOVIL,Honda,Civic,2016,46657,4
AUTOMOVIL,Kia,Cerato,2006,43644,5
CAMIONETA,Chevrolet,Silverado,2017,59246,1396
AUTOMOVIL,Nissan,Versa,2007,44233,4
AUTOMOVIL,Chevrolet,Cruze,2018,47835,5
CAMIONETA,Toyota,Tacoma,2008,56822,1537
AUTOMOVIL,Honda,Civic,2019,48424,4
AUTOMOVIL,Kia,Cerato,2009,45411,5
CAMIONETA,Chevrolet,Silverado,2020,61013,1678
AUTOMOVIL,Nissan,Versa,2010,46000,4
AUTOMOVIL,Chevrolet,Cruze,2021,49602,5
CAMIONETA,Toyota,Tacoma,2011,58589,669
AUTOMOVIL,Honda,Civic,2022,50191,4
AUTOMOVIL,Kia,Cerato,2012,47178,5
CAMIONETA,Chevrolet,Silverado,2023,62780,810
AUTOMOVIL,Nissan,Versa,2013,47767,4
AUTOMOVIL,Chevrolet,Cruze,2024,51369,5
CAMIONETA,Toyota,Tacoma,2014,60356,951
AUTOMOVIL,Honda,Civic,2025,51958,4
AUTOMOVIL,Kia,Cerato,2015,48945,5
CAMIONETA,Chevrolet,Silverado,2005,57932,1092
AUTOMOVIL,Nissan,Versa,2016,49534,4
AUTOMOVIL,Chevrolet,Cruze,2006,46521,5
CAMIONETA,Toyota,Tacoma,2017,62123,1233
AUTOMOVIL,Honda,Civic,2007,47110,4
AUTOMOVIL,Kia,Cerato,2018,50712,5
CAMIONETA,Chevrolet,Silverado,2008,59699,1374
AUTOMOVIL,Nissan,Versa,2019,51301,4
AUTOMOVIL,Chevrolet,Cruze,2009,48288,5
CAMIONETA,Toyota,Tacoma,2020,63890,1515
AUTOMOVIL,Honda,Civic,2010,48877,4
AUTOMOVIL,Kia,Cerato,2021,52479,5
CAMIONETA,Chevrolet,Silverado,2011,61466,1656
AUTOMOVIL,Nissan,Versa,2022,53068,4
AUTOMOVIL,Chevrolet,Cruze,2012,50055,5
CAMIONETA,Toyota,Tacoma,2023,65657,1797
AUTOMOVIL,Honda,Civic,2013,50644,4
AUTOMOVIL,Kia,Cerato,2024,54246,5
CAMIONETA,Chevrolet,Silverado,2014,63233,788
AUTOMOVIL,Nissan,Versa,2025,54835,4
AUTOMOVIL,Chevrolet,Cruze,2015,51822,5
CAMIONETA,Toyota,Tacoma,2005,60809,929
AUTOMOVIL,Honda,Civic,2016,52411,4
AUTOMOVIL,Kia,Cerato,2006,49398,5
CAMIONETA,Chevrolet,Silverado,2017,65000,1070
AUTOMOVIL,Nissan,Versa,2007,49987,4
AUTOMOVIL,Chevrolet,Cruze,2018,53589,5
CAMIONETA,Toyota,Tacoma,2008,62576,1211
AUTOMOVIL,Honda,Civic,2019,54178,4
AUTOMOVIL,Kia,Cerato,2009,51165,5
CAMIONETA,Chevrolet,Silverado,2020,66767,1352
AUTOMOVIL,Nissan,Versa,2010,51754,4
AUTOMOVIL,Chevrolet,Cruze,2021,55356,5
CAMIONETA,Toyota,Tacoma,2011,64343,1493
AUTOMOVIL,Honda,Civic,2022,55945,4
AUTOMOVIL,Kia,Cerato,2012,52932,5
CAMIONETA,Chevrolet,Silverado,2023,68534,1634
AUTOMOVIL,Nissan,Versa,2013,53521,4
AUTOMOVIL,Chevrolet,Cruze,2024,57123,5
CAMIONETA,Toyota,Tacoma,2014,66110,1775
AUTOMOVIL,Honda,Civic,2025,57712,4
AUTOMOVIL,Kia,Cerato,2015,54699,5
CAMIONETA,Chevrolet,Silverado,2005,63686,766
AUTOMOVIL,Nissan,Versa,2016,55288,4
AUTOMOVIL,Chevrolet,Cruze,2006,52275,5
CAMIONETA,Toyota,Tacoma,2017,67877,907
AUTOMOVIL,Honda,Civic,2007,52864,4
AUTOMOVIL,Kia,Cerato,2018,56466,5
CAMIONETA,Chevrolet,Silverado,2008,65453,1048
AUTOMOVIL,Nissan,Versa,2019,57055,4
AUTOMOVIL,Chevrolet,Cruze,2009,54042,5
CAMIONETA,Toyota,Tacoma,2020,69644,1189
AUTOMOVIL,Honda,Civic,2010,54631,4
AUTOMOVIL,Kia,Cerato,2021,58233,5
CAMIONETA,Chevrolet,Silverado,2011,67220,1330
AUTOMOVIL,Nissan,Versa,2022,58822,4
AUTOMOVIL,Chevrolet,Cruze,2012,55809,5
CAMIONETA,Toyota,Tacoma,2023,71411,1471
AUTOMOVIL,Honda,Civic,2013,56398,4
AUTOMOVIL,Kia,Cerato,2024,60000,5
CAMIONETA,Chevrolet,Silverado,2014,68987,1612
AUTOMOVIL,Nissan,Versa,2025,60589,4
AUTOMOVIL,Chevrolet,Cruze,2015,57576,5
CAMIONETA,Toyota,Tacoma,2005,24563,1753
AUTOMOVIL,Honda,Civic,2016,16165,4
AUTOMOVIL,Kia,Cerato,2006,13152,5
CAMIONETA,Chevrolet,Silverado,2017,28754,744
AUTOMOVIL,Nissan,Versa,2007,13741,4
AUTOMOVIL,Chevrolet,Cruze,2018,17343,5
CAMIONETA,Toyota,Tacoma,2008,26330,885
AUTOMOVIL,Honda,Civic,2019,17932,4
AUTOMOVIL,Kia,Cerato,2009,14919,5
CAMIONETA,Chevrolet,Silverado,2020,30521,1026
AUTOMOVIL,Nissan,Versa,2010,15508,4
AUTOMOVIL,Chevrolet,Cruze,2021,19110,5
CAMIONETA,Toyota,Tacoma,2011,28097,1167
AUTOMOVIL,Honda,Civic,2022,19699,4
AUTOMOVIL,Kia,Cerato,2012,16686,5
CAMIONETA,Chevrolet,Silverado,2023,32288,1308
AUTOMOVIL,Nissan,Versa,2013,17275,4
AUTOMOVIL,Chevrolet,Cruze,2024,20877,5
CAMIONETA,Toyota,Tacoma,2014,29864,1449
AUTOMOVIL,Honda,Civic,2025,21466,4
AUTOMOVIL,Kia,Cerato,2015,18453,5
CAMIONETA,Chevrolet,Silverado,2005,27440,1590
AUTOMOVIL,Nissan,Versa,2016,19042,4
AUTOMOVIL,Chevrolet,Cruze,2006,16029,5
CAMIONETA,Toyota,Tacoma,2017,31631,1731
AUTOMOVIL,Honda,Civic,2007,16618,4
AUTOMOVIL,Kia,Cerato,2018,20220,5
CAMIONETA,Chevrolet,Silverado,2008,29207,722
AUTOMOVIL,Nissan,Versa,2019,20809,4
AUTOMOVIL,Chevrolet,Cruze,2009,17796,5
CAMIONETA,Toyota,Tacoma,2020,33398,863
AUTOMOVIL,Honda,Civic,2010,18385,4
AUTOMOVIL,Kia,Cerato,2021,21987,5
CAMIONETA,Chevrolet,Silverado,2011,30974,1004
AUTOMOVIL,Nissan,Versa,2022,22576,4
AUTOMOVIL,Chevrolet,Cruze,2012,19563,5
CAMIONETA,Toyota,Tacoma,2023,35165,1145
AUTOMOVIL,Honda,Civic,2013,20152,4
AUTOMOVIL,Kia,Cerato,2024,23754,5
CAMIONETA,Chevrolet,Silverado,2014,32741,1286
AUTOMOVIL,Nissan,Versa,2025,24343,4
AUTOMOVIL,Chevrolet,Cruze,2015,21330,5
CAMIONETA,Toyota,Tacoma,2005,30317,1427
AUTOMOVIL,Honda,Civic,2016,21919,4
AUTOMOVIL,Kia,Cerato,2006,18906,5
CAMIONETA,Chevrolet,Silverado,2017,34508,1568
AUTOMOVIL,Nissan,Versa,2007,19495,4
AUTOMOVIL,Chevrolet,Cruze,2018,23097,5
CAMIONETA,Toyota,Tacoma,2008,32084,1709
AUTOMOVIL,Honda,Civic,2019,23686,4
AUTOMOVIL,Kia,Cerato,2009,20673,5
CAMIONETA,Chevrolet,Silverado,2020,36275,700
AUTOMOVIL,Nissan,Versa,2010,21262,4
AUTOMOVIL,Chevrolet,Cruze,2021,24864,5
CAMIONETA,Toyota,Tacoma,2011,33851,841
AUTOMOVIL,Honda,Civic,2022,25453,4
AUTOMOVIL,Kia,Cerato,2012,22440,5
CAMIONETA,Chevrolet,Silverado,2023,38042,982
AUTOMOVIL,Nissan,Versa,2013,23029,4
AUTOMOVIL,Chevrolet,Cruze,2024,26631,5
CAMIONETA,Toyota,Tacoma,2014,35618,1123
AUTOMOVIL,Honda,Civic,2025,27220,4
AUTOMOVIL,Kia,Cerato,2015,24207,5
CAMIONETA,Chevrolet,Silverado,2005,33194,1264
AUTOMOVIL,Nissan,Versa,2016,24796,4
AUTOMOVIL,Chevrolet,Cruze,2006,21783,5
CAMIONETA,Toyota,Tacoma,2017,37385,1405
AUTOMOVIL,Honda,Civic,2007,22372,4
AUTOMOVIL,Kia,Cerato,2018,25974,5
CAMIONETA,Chevrolet,Silverado,2008,34961,1546
AUTOMOVIL,Nissan,Versa,2019,26563,4
AUTOMOVIL,Chevrolet,Cruze,2009,23550,5
CAMIONETA,Toyota,Tacoma,2020,39152,1687
AUTOMOVIL,Honda,Civic,2010,24139,4
AUTOMOVIL,Kia,Cerato,2021,27741,5
CAMIONETA,Chevrolet,Silverado,2011,36728,678
AUTOMOVIL,Nissan,Versa,2022,28330,4
AUTOMOVIL,Chevrolet,Cruze,2012,25317,5
CAMIONETA,Toyota,Tacoma,2023,40919,819
AUTOMOVIL,Honda,Civic,2013,25906,4
AUTOMOVIL,Kia,Cerato,2024,29508,5
CAMIONETA,Chevrolet,Silverado,2014,38495,960
AUTOMOVIL,Nissan,Versa,2025,30097,4
AUTOMOVIL,Chevrolet,Cruze,2015,27084,5
CAMIONETA,Toyota,Tacoma,2005,36071,1101
AUTOMOVIL,Honda,Civic,2016,27673,4
AUTOMOVIL,Kia,Cerato,2006,24660,5
CAMIONETA,Chevrolet,Silverado,2017,40262,1242
AUTOMOVIL,Nissan,Versa,2007,25249,4
AUTOMOVIL,Chevrolet,Cruze,2018,28851,5
CAMIONETA,Toyota,Tacoma,2008,37838,1383
AUTOMOVIL,Honda,Civic,2019,29440,4
AUTOMOVIL,Kia,Cerato,2009,26427,5
CAMIONETA,Chevrolet,Silverado,2020,42029,1524
AUTOMOVIL,Nissan,Versa,2010,27016,4
AUTOMOVIL,Chevrolet,Cruze,2021,30618,5
CAMIONETA,Toyota,Tacoma,2011,39605,1665
AUTOMOVIL,Honda,Civic,2022,31207,4
AUTOMOVIL,Kia,Cerato,2012,28194,5
CAMIONETA,Chevrolet,Silverado,2023,43796,656
AUTOMOVIL,Nissan,Versa,2013,28783,4
AUTOMOVIL,Chevrolet,Cruze,2024,32385,5
CAMIONETA,Toyota,Tacoma,2014,41372,797
AUTOMOVIL,Honda,Civic,2025,32974,4
AUTOMOVIL,Kia,Cerato,2015,29961,5
CAMIONETA,Chevrolet,Silverado,2005,38948,938
AUTOMOVIL,Nissan,Versa,2016,30550,4
AUTOMOVIL,Chevrolet,Cruze,2006,27537,5
CAMIONETA,Toyota,Tacoma,2017,43139,1079
AUTOMOVIL,Honda,Civic,2007,28126,4
AUTOMOVIL,Kia,Cerato,2018,31728,5
CAMIONETA,Chevrolet,Silverado,2008,40715,1220
AUTOMOVIL,Nissan,Versa,2019,32317,4
AUTOMOVIL,Chevrolet,Cruze,2009,29304,5
CAMIONETA,Toyota,Tacoma,2020,44906,1361
AUTOMOVIL,Honda,Civic,2010,29893,4
AUTOMOVIL,Kia,Cerato,2021,33495,5
CAMIONETA,Chevrolet,Silverado,2011,42482,1502
AUTOMOVIL,Nissan,Versa,2022,34084,4
AUTOMOVIL,Chevrolet,Cruze,2012,31071,5
CAMIONETA,Toyota,Tacoma,2023,46673,1643
AUTOMOVIL,Honda,Civic,2013,31660,4
AUTOMOVIL,Kia,Cerato,2024,35262,5
CAMIONETA,Chevrolet,Silverado,2014,44249,1784
AUTOMOVIL,Nissan,Versa,2025,35851,4
AUTOMOVIL,Chevrolet,Cruze,2015,32838,5
CAMIONETA,Toyota,Tacoma,2005,41825,775
AUTOMOVIL,Honda,Civic,2016,33427,4
AUTOMOVIL,Kia,Cerato,2006,30414,5
CAMIONETA,Chevrolet,Silverado,2017,46016,916
AUTOMOVIL,Nissan,Versa,2007,31003,4
AUTOMOVIL,Chevrolet,Cruze,2018,34605,5
CAMIONETA,Toyota,Tacoma,2008,43592,1057
AUTOMOVIL,Honda,Civic,2019,35194,4
AUTOMOVIL,Kia,Cerato,2009,32181,5
CAMIONETA,Chevrolet,Silverado,2020,47783,1198
AUTOMOVIL,Nissan,Versa,2010,32770,4
AUTOMOVIL,Chevrolet,Cruze,2021,36372,5
CAMIONETA,Toyota,Tacoma,2011,45359,1339
AUTOMOVIL,Honda,Civic,2022,36961,4
AUTOMOVIL,Kia,Cerato,2012,33948,5
CAMIONETA,Chevrolet,Silverado,2023,49550,1480
AUTOMOVIL,Nissan,Versa,2013,34537,4
AUTOMOVIL,Chevrolet,Cruze,2024,38139,5
CAMIONETA,Toyota,Tacoma,2014,47126,1621
AUTOMOVIL,Honda,Civic,2025,38728,4
AUTOMOVIL,Kia,Cerato,2015,35715,5
CAMIONETA,Chevrolet,Silverado,2005,44702,1762
AUTOMOVIL,Nissan,Versa,2016,36304,4
AUTOMOVIL,Chevrolet,Cruze,2006,33291,5
CAMIONETA,Toyota,Tacoma,2017,48893,753
AUTOMOVIL,Honda,Civic,2007,33880,4
AUTOMOVIL,Kia,Cerato,2018,37482,5
CAMIONETA,Chevrolet,Silverado,2008,46469,894
AUTOMOVIL,Nissan,Versa,2019,38071,4
AUTOMOVIL,Chevrolet,Cruze,2009,35058,5
CAMIONETA,Toyota,Tacoma,2020,50660,1035
AUTOMOVIL,Honda,Civic,2010,35647,4
AUTOMOVIL,Kia,Cerato,2021,39249,5
CAMIONETA,Chevrolet,Silverado,2011,48236,1176
AUTOMOVIL,Nissan,Versa,2022,39838,4
AUTOMOVIL,Chevrolet,Cruze,2012,36825,5
CAMIONETA,Toyota,Tacoma,2023,52427,1317
AUTOMOVIL,Honda,Civic,2013,37414,4
AUTOMOVIL,Kia,Cerato,2024,41016,5
CAMIONETA,Chevrolet,Silverado,2014,50003,1458
AUTOMOVIL,Nissan,Versa,2025,41605,4
AUTOMOVIL,Chevrolet,Cruze,2015,38592,5
CAMIONETA,Toyota,Tacoma,2005,47579,1599
AUTOMOVIL,Honda,Civic,2016,39181,4
AUTOMOVIL,Kia,Cerato,2006,36168,5
CAMIONETA,Chevrolet,Silverado,2017,51770,1740
AUTOMOVIL,Nissan,Versa,2007,36757,4
AUTOMOVIL,Chevrolet,Cruze,2018,40359,5
CAMIONETA,Toyota,Tacoma,2008,49346,731
AUTOMOVIL,Honda,Civic,2019,40948,4
AUTOMOVIL,Kia,Cerato,2009,37935,5
CAMIONETA,Chevrolet,Silverado,2020,53537,872
AUTOMOVIL,Nissan,Versa,2010,38524,4
AUTOMOVIL,Chevrolet,Cruze,2021,42126,5
CAMIONETA,Toyota,Tacoma,2011,51113,1013
AUTOMOVIL,Honda,Civic,2022,42715,4
AUTOMOVIL,Kia,Cerato,2012,39702,5
CAMIONETA,Chevrolet,Silverado,2023,55304,1154
AUTOMOVIL,Nissan,Versa,2013,40291,4
AUTOMOVIL,Chevrolet,Cruze,2024,43893,5
CAMIONETA,Toyota,Tacoma,2014,52880,1295
AUTOMOVIL,Honda,Civic,2025,44482,4
AUTOMOVIL,Kia,Cerato,2015,41469,5
CAMIONETA,Chevrolet,Silverado,2005,50456,1436
AUTOMOVIL,Nissan,Versa,2016,42058,4
AUTOMOVIL,Chevrolet,Cruze,2006,39045,5
CAMIONETA,Toyota,Tacoma,2017,54647,1577
AUTOMOVIL,Honda,Civic,2007,39634,4
AUTOMOVIL,Kia,Cerato,2018,43236,5
CAMIONETA,Chevrolet,Silverado,2008,52223,1718
AUTOMOVIL,Nissan,Versa,2019,43825,4
AUTOMOVIL,Chevrolet,Cruze,2009,40812,5
CAMIONETA,Toyota,Tacoma,2020,56414,709
AUTOMOVIL,Honda,Civic,2010,41401,4
AUTOMOVIL,Kia,Cerato,2021,45003,5
CAMIONETA,Chevrolet,Silverado,2011,53990,850
AUTOMOVIL,Nissan,Versa,2022,45592,4
AUTOMOVIL,Chevrolet,Cruze,2012,42579,5
CAMIONETA,Toyota,Tacoma,2023,58181,991
AUTOMOVIL,Honda,Civic,2013,43168,4
AUTOMOVIL,Kia,Cerato,2024,46770,5
CAMIONETA,Chevrolet,Silverado,2014,55757,1132
AUTOMOVIL,Nissan,Versa,2025,47359,4
AUTOMOVIL,Chevrolet,Cruze,2015,44346,5
CAMIONETA,Toyota,Tacoma,2005,53333,1273
AUTOMOVIL,Honda,Civic,2016,44935,4
AUTOMOVIL,Kia,Cerato,2006,41922,5
CAMIONETA,Chevrolet,Silverado,2017,57524,1414
AUTOMOVIL,Nissan,Versa,2007,42511,4
AUTOMOVIL,Chevrolet,Cruze,2018,46113,5
CAMIONETA,Toyota,Tacoma,2008,55100,1555
AUTOMOVIL,Honda,Civic,2019,46702,4
AUTOMOVIL,Kia,Cerato,2009,43689,5
CAMIONETA,Chevrolet,Silverado,2020,59291,1696
AUTOMOVIL,Nissan,Versa,2010,44278,4
AUTOMOVIL,Chevrolet,Cruze,2021,47880,5
CAMIONETA,Toyota,Tacoma,2011,56867,687
AUTOMOVIL,Honda,Civic,2022,48469,4
AUTOMOVIL,Kia,Cerato,2012,45456,5
CAMIONETA,Chevrolet,Silverado,2023,61058,828
AUTOMOVIL,Nissan,Versa,2013,46045,4
AUTOMOVIL,Chevrolet,Cruze,2024,49647,5
CAMIONETA,Toyota,Tacoma,2014,58634,969
AUTOMOVIL,Honda,Civic,2025,50236,4
AUTOMOVIL,Kia,Cerato,2015,47223,5
CAMIONETA,Chevrolet,Silverado,2005,56210,1110
AUTOMOVIL,Nissan,Versa,2016,47812,4
AUTOMOVIL,Chevrolet,Cruze,2006,44799,5
CAMIONETA,Toyota,Tacoma,2017,60401,1251
AUTOMOVIL,Honda,Civic,2007,45388,4
AUTOMOVIL,Kia,Cerato,2018,48990,5
CAMIONETA,Chevrolet,Silverado,2008,57977,1392
AUTOMOVIL,Nissan,Versa,2019,49579,4
AUTOMOVIL,Chevrolet,Cruze,2009,46566,5
CAMIONETA,Toyota,Tacoma,2020,62168,1533
AUTOMOVIL,Honda,Civic,2010,47155,4
AUTOMOVIL,Kia,Cerato,2021,50757,5
CAMIONETA,Chevrolet,Silverado,2011,59744,1674
AUTOMOVIL,Nissan,Versa,2022,51346,4
AUTOMOVIL,Chevrolet,Cruze,2012,48333,5
CAMIONETA,Toyota,Tacoma,2023,63935,665
AUTOMOVIL,Honda,Civic,2013,48922,4
AUTOMOVIL,Kia,Cerato,2024,52524,5
CAMIONETA,Chevrolet,Silverado,2014,61511,806
AUTOMOVIL,Nissan,Versa,2025,53113,4
AUTOMOVIL,Chevrolet,Cruze,2015,50100,5
CAMIONETA,Toyota,Tacoma,2005,59087,947
AUTOMOVIL,Honda,Civic,2016,50689,4
AUTOMOVIL,Kia,Cerato,2006,47676,5
CAMIONETA,Chevrolet,Silverado,2017,63278,1088
AUTOMOVIL,Nissan,Versa,2007,48265,4
AUTOMOVIL,Chevrolet,Cruze,2018,51867,5
CAMIONETA,Toyota,Tacoma,2008,60854,1229
AUTOMOVIL,Honda,Civic,2019,52456,4
AUTOMOVIL,Kia,Cerato,2009,49443,5
CAMIONETA,Chevrolet,Silverado,2020,65045,1370
AUTOMOVIL,Nissan,Versa,2010,50032,4
AUTOMOVIL,Chevrolet,Cruze,2021,53634,5
CAMIONETA,Toyota,Tacoma,2011,62621,1511
AUTOMOVIL,Honda,Civic,2022,54223,4
AUTOMOVIL,Kia,Cerato,2012,51210,5
CAMIONETA,Chevrolet,Silverado,2023,66812,1652
AUTOMOVIL,Nissan,Versa,2013,51799,4
AUTOMOVIL,Chevrolet,Cruze,2024,55401,5
CAMIONETA,Toyota,Tacoma,2014,64388,1793
AUTOMOVIL,Honda,Civic,2025,55990,4
AUTOMOVIL,Kia,Cerato,2015,52977,5
CAMIONETA,Chevrolet,Silverado,2005,61964,784
AUTOMOVIL,Nissan,Versa,2016,53566,4
AUTOMOVIL,Chevrolet,Cruze,2006,50553,5
CAMIONETA,Toyota,Tacoma,2017,66155,925
AUTOMOVIL,Honda,Civic,2007,51142,4
AUTOMOVIL,Kia,Cerato,2018,54744,5
CAMIONETA,Chevrolet,Silverado,2008,63731,1066
AUTOMOVIL,Nissan,Versa,2019,55333,4
AUTOMOVIL,Chevrolet,Cruze,2009,52320,5
CAMIONETA,Toyota,Tacoma,2020,67922,1207
AUTOMOVIL,Honda,Civic,2010,52909,4
AUTOMOVIL,Kia,Cerato,2021,56511,5
CAMIONETA,Chevrolet,Silverado,2011,65498,1348
AUTOMOVIL,Nissan,Versa,2022,57100,4
AUTOMOVIL,Chevrolet,Cruze,2012,54087,5
CAMIONETA,Toyota,Tacoma,2023,69689,1489
AUTOMOVIL,Honda,Civic,2013,54676,4
AUTOMOVIL,Kia,Cerato,2024,58278,5
CAMIONETA,Chevrolet,Silverado,2014,67265,1630
AUTOMOVIL,Nissan,Versa,2025,58867,4
AUTOMOVIL,Chevrolet,Cruze,2015,55854,5
CAMIONETA,Toyota,Tacoma,2005,64841,1771
AUTOMOVIL,Honda,Civic,2016,56443,4
AUTOMOVIL,Kia,Cerato,2006,53430,5
CAMIONETA,Chevrolet,Silverado,2017,69032,762
AUTOMOVIL,Nissan,Versa,2007,54019,4
AUTOMOVIL,Chevrolet,Cruze,2018,57621,5
CAMIONETA,Toyota,Tacoma,2008,66608,903
AUTOMOVIL,Honda,Civic,2019,58210,4
AUTOMOVIL,Kia,Cerato,2009,55197,5
CAMIONETA,Chevrolet,Silverado,2020,70799,1044
AUTOMOVIL,Nissan,Versa,2010,55786,4
AUTOMOVIL,Chevrolet,Cruze,2021,59388,5
CAMIONETA,Toyota,Tacoma,2011,68375,1185
AUTOMOVIL,Honda,Civic,2022,17977,4
AUTOMOVIL,Kia,Cerato,2012,14964,5
CAMIONETA,Chevrolet,Silverado,2023,30566,1326
AUTOMOVIL,Nissan,Versa,2013,15553,4
AUTOMOVIL,Chevrolet,Cruze,2024,19155,5
CAMIONETA,Toyota,Tacoma,2014,28142,1467
AUTOMOVIL,Honda,Civic,2025,19744,4
AUTOMOVIL,Kia,Cerato,2015,16731,5
CAMIONETA,Chevrolet,Silverado,2005,25718,1608
AUTOMOVIL,Nissan,Versa,2016,17320,4
AUTOMOVIL,Chevrolet,Cruze,2006,14307,5
CAMIONETA,Toyota,Tacoma,2017,29909,1749
AUTOMOVIL,Honda,Civic,2007,14896,4
AUTOMOVIL,Kia,Cerato,2018,18498,5
CAMIONETA,Chevrolet,Silverado,2008,27485,740
AUTOMOVIL,Nissan,Versa,2019,19087,4
AUTOMOVIL,Chevrolet,Cruze,2009,16074,5
CAMIONETA,Toyota,Tacoma,2020,31676,881
AUTOMOVIL,Honda,Civic,2010,16663,4
AUTOMOVIL,Kia,Cerato,2021,20265,5
CAMIONETA,Chevrolet,Silverado,2011,29252,1022
AUTOMOVIL,Nissan,Versa,2022,20854,4
AUTOMOVIL,Chevrolet,Cruze,2012,17841,5
CAMIONETA,Toyota,Tacoma,2023,33443,1163
AUTOMOVIL,Honda,Civic,2013,18430,4
AUTOMOVIL,Kia,Cerato,2024,22032,5
CAMIONETA,Chevrolet,Silverado,2014,31019,1304
AUTOMOVIL,Nissan,Versa,2025,22621,4
AUTOMOVIL,Chevrolet,Cruze,2015,19608,5
CAMIONETA,Toyota,Tacoma,2005,28595,1445
AUTOMOVIL,Honda,Civic,2016,20197,4
AUTOMOVIL,Kia,Cerato,2006,17184,5
CAMIONETA,Chevrolet,Silverado,2017,32786,1586
AUTOMOVIL,Nissan,Versa,2007,17773,4
AUTOMOVIL,Chevrolet,Cruze,2018,21375,5
CAMIONETA,Toyota,Tacoma,2008,30362,1727
AUTOMOVIL,Honda,Civic,2019,21964,4
AUTOMOVIL,Kia,Cerato,2009,18951,5
CAMIONETA,Chevrolet,Silverado,2020,34553,718
AUTOMOVIL,Nissan,Versa,2010,19540,4
AUTOMOVIL,Chevrolet,Cruze,2021,23142,5
CAMIONETA,Toyota,Tacoma,2011,32129,859
AUTOMOVIL,Honda,Civic,2022,23731,4
AUTOMOVIL,Kia,Cerato,2012,20718,5
CAMIONETA,Chevrolet,Silverado,2023,36320,1000
AUTOMOVIL,Nissan,Versa,2013,21307,4
AUTOMOVIL,Chevrolet,Cruze,2024,24909,5
CAMIONETA,Toyota,Tacoma,2014,33896,1141
AUTOMOVIL,Honda,Civic,2025,25498,4
AUTOMOVIL,Kia,Cerato,2015,22485,5
CAMIONETA,Chevrolet,Silverado,2005,31472,1282
AUTOMOVIL,Nissan,Versa,2016,23074,4
AUTOMOVIL,Chevrolet,Cruze,2006,20061,5
CAMIONETA,Toyota,Tacoma,2017,35663,1423
AUTOMOVIL,Honda,Civic,2007,20650,4
AUTOMOVIL,Kia,Cerato,2018,24252,5
CAMIONETA,Chevrolet,Silverado,2008,33239,1564
AUTOMOVIL,Nissan,Versa,2019,24841,4
AUTOMOVIL,Chevrolet,Cruze,2009,21828,5
CAMIONETA,Toyota,Tacoma,2020,37430,1705
AUTOMOVIL,Honda,Civic,2010,22417,4
AUTOMOVIL,Kia,Cerato,2021,26019,5
CAMIONETA,Chevrolet,Silverado,2011,35006,696
AUTOMOVIL,Nissan,Versa,2022,26608,4
AUTOMOVIL,Chevrolet,Cruze,2012,23595,5
CAMIONETA,Toyota,Tacoma,2023,39197,837
AUTOMOVIL,Honda,Civic,2013,24184,4
AUTOMOVIL,Kia,Cerato,2024,27786,5
CAMIONETA,Chevrolet,Silverado,2014,36773,978
AUTOMOVIL,Nissan,Versa,2025,28375,4
AUTOMOVIL,Chevrolet,Cruze,2015,25362,5
CAMIONETA,Toyota,Tacoma,2005,34349,1119
AUTOMOVIL,Honda,Civic,2016,25951,4
AUTOMOVIL,Kia,Cerato,2006,22938,5
CAMIONETA,Chevrolet,Silverado,2017,38540,1260
AUTOMOVIL,Nissan,Versa,2007,23527,4
AUTOMOVIL,Chevrolet,Cruze,2018,27129,5
CAMIONETA,Toyota,Tacoma,2008,36116,1401
AUTOMOVIL,Honda,Civic,2019,27718,4
AUTOMOVIL,Kia,Cerato,2009,24705,5
CAMIONETA,Chevrolet,Silverado,2020,40307,1542
AUTOMOVIL,Nissan,Versa,2010,25294,4
AUTOMOVIL,Chevrolet,Cruze,2021,28896,5
CAMIONETA,Toyota,Tacoma,2011,37883,1683
AUTOMOVIL,Honda,Civic,2022,29485,4
AUTOMOVIL,Kia,Cerato,2012,26472,5
CAMIONETA,Chevrolet,Silverado,2023,42074,674
AUTOMOVIL,Nissan,Versa,2013,27061,4
AUTOMOVIL,Chevrolet,Cruze,2024,30663,5
CAMIONETA,Toyota,Tacoma,2014,39650,815
AUTOMOVIL,Honda,Civic,2025,31252,4
AUTOMOVIL,Kia,Cerato,2015,28239,5
CAMIONETA,Chevrolet,Silverado,2005,37226,956
AUTOMOVIL,Nissan,Versa,2016,28828,4
AUTOMOVIL,Chevrolet,Cruze,2006,25815,5
CAMIONETA,Toyota,Tacoma,2017,41417,1097
AUTOMOVIL,Honda,Civic,2007,26404,4
AUTOMOVIL,Kia,Cerato,2018,30006,5
CAMIONETA,Chevrolet,Silverado,2008,38993,1238
AUTOMOVIL,Nissan,Versa,2019,30595,4
AUTOMOVIL,Chevrolet,Cruze,2009,27582,5
CAMIONETA,Toyota,Tacoma,2020,43184,1379
AUTOMOVIL,Honda,Civic,2010,28171,4
AUTOMOVIL,Kia,Cerato,2021,31773,5
CAMIONETA,Chevrolet,Silverado,2011,40760,1520
AUTOMOVIL,Nissan,Versa,2022,32362,4
AUTOMOVIL,Chevrolet,Cruze,2012,29349,5
CAMIONETA,Toyota,Tacoma,2023,44951,1661
AUTOMOVIL,Honda,Civic,2013,29938,4
AUTOMOVIL,Kia,Cerato,2024,33540,5
CAMIONETA,Chevrolet,Silverado,2014,42527,652
AUTOMOVIL,Nissan,Versa,2025,34129,4
AUTOMOVIL,Chevrolet,Cruze,2015,31116,5
CAMIONETA,Toyota,Tacoma,2005,40103,793
AUTOMOVIL,Honda,Civic,2016,31705,4
AUTOMOVIL,Kia,Cerato,2006,28692,5
CAMIONETA,Chevrolet,Silverado,2017,44294,934
AUTOMOVIL,Nissan,Versa,2007,29281,4
AUTOMOVIL,Chevrolet,Cruze,2018,32883,5
CAMIONETA,Toyota,Tacoma,2008,41870,1075
AUTOMOVIL,Honda,Civic,2019,33472,4
AUTOMOVIL,Kia,Cerato,2009,30459,5
CAMIONETA,Chevrolet,Silverado,2020,46061,1216
AUTOMOVIL,Nissan,Versa,2010,31048,4
AUTOMOVIL,Chevrolet,Cruze,2021,34650,5
CAMIONETA,Toyota,Tacoma,2011,43637,1357
AUTOMOVIL,Honda,Civic,2022,35239,4
AUTOMOVIL,Kia,Cerato,2012,32226,5
CAMIONETA,Chevrolet,Silverado,2023,47828,1498
AUTOMOVIL,Nissan,Versa,2013,32815,4
AUTOMOVIL,Chevrolet,Cruze,2024,36417,5
CAMIONETA,Toyota,Tacoma,2014,45404,1639
AUTOMOVIL,Honda,Civic,2025,37006,4
AUTOMOVIL,Kia,Cerato,2015,33993,5
CAMIONETA,Chevrolet,Silverado,2005,42980,1780
AUTOMOVIL,Nissan,Versa,2016,34582,4
AUTOMOVIL,Chevrolet,Cruze,2006,31569,5
CAMIONETA,Toyota,Tacoma,2017,47171,771
AUTOMOVIL,Honda,Civic,2007,32158,4
AUTOMOVIL,Kia,Cerato,2018,35760,5
CAMIONETA,Chevrolet,Silverado,2008,44747,912
AUTOMOVIL,Nissan,Versa,2019,36349,4
AUTOMOVIL,Chevrolet,Cruze,2009,33336,5
CAMIONETA,Toyota,Tacoma,2020,48938,1053
AUTOMOVIL,Honda,Civic,2010,33925,4
AUTOMOVIL,Kia,Cerato,2021,37527,5
CAMIONETA,Chevrolet,Silverado,2011,46514,1194
AUTOMOVIL,Nissan,Versa,2022,38116,4
AUTOMOVIL,Chevrolet,Cruze,2012,35103,5
CAMIONETA,Toyota,Tacoma,2023,50705,1335
AUTOMOVIL,Honda,Civic,2013,35692,4
AUTOMOVIL,Kia,Cerato,2024,39294,5
CAMIONETA,Chevrolet,Silverado,2014,48281,1476
AUTOMOVIL,Nissan,Versa,2025,39883,4
AUTOMOVIL,Chevrolet,Cruze,2015,36870,5
CAMIONETA,Toyota,Tacoma,2005,45857,1617
AUTOMOVIL,Honda,Civic,2016,37459,4
AUTOMOVIL,Kia,Cerato,2006,34446,5
CAMIONETA,Chevrolet,Silverado,2017,50048,1758
AUTOMOVIL,Nissan,Versa,2007,35035,4
AUTOMOVIL,Chevrolet,Cruze,2018,38637,5
CAMIONETA,Toyota,Tacoma,2008,47624,749
AUTOMOVIL,Honda,Civic,2019,39226,4
AUTOMOVIL,Kia,Cerato,2009,36213,5
CAMIONETA,Chevrolet,Silverado,2020,51815,890
AUTOMOVIL,Nissan,Versa,2010,36802,4
AUTOMOVIL,Chevrolet,Cruze,2021,40404,5
CAMIONETA,Toyota,Tacoma,2011,49391,1031
AUTOMOVIL,Honda,Civic,2022,40993,4
AUTOMOVIL,Kia,Cerato,2012,37980,5
CAMIONETA,Chevrolet,Silverado,2023,53582,1172
AUTOMOVIL,Nissan,Versa,2013,38569,4
AUTOMOVIL,Chevrolet,Cruze,2024,42171,5
CAMIONETA,Toyota,Tacoma,2014,51158,1313
AUTOMOVIL,Honda,Civic,2025,42760,4
AUTOMOVIL,Kia,Cerato,2015,39747,5
CAMIONETA,Chevrolet,Silverado,2005,48734,1454
AUTOMOVIL,Nissan,Versa,2016,40336,4
AUTOMOVIL,Chevrolet,Cruze,2006,37323,5
CAMIONETA,Toyota,Tacoma,2017,52925,1595
AUTOMOVIL,Honda,Civic,2007,37912,4
AUTOMOVIL,Kia,Cerato,2018,41514,5
CAMIONETA,Chevrolet,Silverado,2008,50501,1736
AUTOMOVIL,Nissan,Versa,2019,42103,4
AUTOMOVIL,Chevrolet,Cruze,2009,39090,5
CAMIONETA,Toyota,Tacoma,2020,54692,727
AUTOMOVIL,Honda,Civic,2010,39679,4
AUTOMOVIL,Kia,Cerato,2021,43281,5
CAMIONETA,Chevrolet,Silverado,2011,52268,868
AUTOMOVIL,Nissan,Versa,2022,43870,4
AUTOMOVIL,Chevrolet,Cruze,2012,40857,5
CAMIONETA,Toyota,Tacoma,2023,56459,1009
AUTOMOVIL,Honda,Civic,2013,41446,4
AUTOMOVIL,Kia,Cerato,2024,45048,5
CAMIONETA,Chevrolet,Silverado,2014,54035,1150
AUTOMOVIL,Nissan,Versa,2025,45637,4
AUTOMOVIL,Chevrolet,Cruze,2015,42624,5
CAMIONETA,Toyota,Tacoma,2005,51611,1291
AUTOMOVIL,Honda,Civic,2016,43213,4
AUTOMOVIL,Kia,Cerato,2006,40200,5
CAMIONETA,Chevrolet,Silverado,2017,55802,1432
AUTOMOVIL,Nissan,Versa,2007,40789,4
AUTOMOVIL,Chevrolet,Cruze,2018,44391,5
CAMIONETA,Toyota,Tacoma,2008,53378,1573
AUTOMOVIL,Honda,Civic,2019,44980,4
AUTOMOVIL,Kia,Cerato,2009,41967,5
CAMIONETA,Chevrolet,Silverado,2020,57569,1714
AUTOMOVIL,Nissan,Versa,2010,42556,4
AUTOMOVIL,Chevrolet,Cruze,2021,46158,5
CAMIONETA,Toyota,Tacoma,2011,55145,705
AUTOMOVIL,Honda,Civic,2022,46747,4
AUTOMOVIL,Kia,Cerato,2012,43734,5
CAMIONETA,Chevrolet,Silverado,2023,59336,846
AUTOMOVIL,Nissan,Versa,2013,44323,4
AUTOMOVIL,Chevrolet,Cruze,2024,47925,5
CAMIONETA,Toyota,Tacoma,2014,56912,987
AUTOMOVIL,Honda,Civic,2025,48514,4
AUTOMOVIL,Kia,Cerato,2015,45501,5
CAMIONETA,Chevrolet,Silverado,2005,54488,1128
AUTOMOVIL,Nissan,Versa,2016,46090,4
AUTOMOVIL,Chevrolet,Cruze,2006,43077,5
CAMIONETA,Toyota,Tacoma,2017,58679,1269
AUTOMOVIL,Honda,Civic,2007,43666,4
AUTOMOVIL,Kia,Cerato,2018,47268,5
CAMIONETA,Chevrolet,Silverado,2008,56255,1410
AUTOMOVIL,Nissan,Versa,2019,47857,4
AUTOMOVIL,Chevrolet,Cruze,2009,44844,5
CAMIONETA,Toyota,Tacoma,2020,60446,1551
AUTOMOVIL,Honda,Civic,2010,45433,4
AUTOMOVIL,Kia,Cerato,2021,49035,5
CAMIONETA,Chevrolet,Silverado,2011,58022,1692
AUTOMOVIL,Nissan,Versa,2022,49624,4
AUTOMOVIL,Chevrolet,Cruze,2012,46611,5
CAMIONETA,Toyota,Tacoma,2023,62213,683
AUTOMOVIL,Honda,Civic,2013,47200,4
AUTOMOVIL,Kia,Cerato,2024,50802,5
CAMIONETA,Chevrolet,Silverado,2014,59789,824
AUTOMOVIL,Nissan,Versa,2025,51391,4
AUTOMOVIL,Chevrolet,Cruze,2015,48378,5
CAMIONETA,Toyota,Tacoma,2005,57365,965
AUTOMOVIL,Honda,Civic,2016,48967,4
AUTOMOVIL,Kia,Cerato,2006,45954,5
CAMIONETA,Chevrolet,Silverado,2017,61556,1106
AUTOMOVIL,Nissan,Versa,2007,46543,4
AUTOMOVIL,Chevrolet,Cruze,2018,50145,5
CAMIONETA,Toyota,Tacoma,2008,59132,1247
AUTOMOVIL,Honda,Civic,2019,50734,4
AUTOMOVIL,Kia,Cerato,2009,47721,5
CAMIONETA,Chevrolet,Silverado,2020,63323,1388
AUTOMOVIL,Nissan,Versa,2010,48310,4
AUTOMOVIL,Chevrolet,Cruze,2021,51912,5
CAMIONETA,Toyota,Tacoma,2011,60899,1529
AUTOMOVIL,Honda,Civic,2022,52501,4
AUTOMOVIL,Kia,Cerato,2012,49488,5
CAMIONETA,Chevrolet,Silverado,2023,65090,1670
AUTOMOVIL,Nissan,Versa,2013,50077,4
AUTOMOVIL,Chevrolet,Cruze,2024,53679,5
CAMIONETA,Toyota,Tacoma,2014,62666,661
AUTOMOVIL,Honda,Civic,2025,54268,4
AUTOMOVIL,Kia,Cerato,2015,51255,5
CAMIONETA,Chevrolet,Silverado,2005,60242,802
AUTOMOVIL,Nissan,Versa,2016,51844,4
AUTOMOVIL,Chevrolet,Cruze,2006,48831,5
CAMIONETA,Toyota,Tacoma,2017,64433,943
AUTOMOVIL,Honda,Civic,2007,49420,4
AUTOMOVIL,Kia,Cerato,2018,53022,5
CAMIONETA,Chevrolet,Silverado,2008,62009,1084
AUTOMOVIL,Nissan,Versa,2019,53611,4
AUTOMOVIL,Chevrolet,Cruze,2009,50598,5
CAMIONETA,Toyota,Tacoma,2020,66200,1225
AUTOMOVIL,Honda,Civic,2010,51187,4
AUTOMOVIL,Kia,Cerato,2021,54789,5
CAMIONETA,Chevrolet,Silverado,2011,63776,1366
AUTOMOVIL,Nissan,Versa,2022,55378,4
AUTOMOVIL,Chevrolet,Cruze,2012,52365,5
CAMIONETA,Toyota,Tacoma,2023,67967,1507
AUTOMOVIL,Honda,Civic,2013,52954,4
AUTOMOVIL,Kia,Cerato,2024,56556,5
CAMIONETA,Chevrolet,Silverado,2014,65543,1648
AUTOMOVIL,Nissan,Versa,2025,57145,4
AUTOMOVIL,Chevrolet,Cruze,2015,54132,5
CAMIONETA,Toyota,Tacoma,2005,63119,1789
AUTOMOVIL,Honda,Civic,2016,54721,4
AUTOMOVIL,Kia,Cerato,2006,51708,5
CAMIONETA,Chevrolet,Silverado,2017,67310,780
AUTOMOVIL,Nissan,Versa,2007,52297,4
AUTOMOVIL,Chevrolet,Cruze,2018,55899,5
CAMIONETA,Toyota,Tacoma,2008,64886,921
AUTOMOVIL,Honda,Civic,2019,56488,4
AUTOMOVIL,Kia,Cerato,2009,53475,5
CAMIONETA,Chevrolet,Silverado,2020,69077,1062
AUTOMOVIL,Nissan,Versa,2010,54064,4
AUTOMOVIL,Chevrolet,Cruze,2021,57666,5
CAMIONETA,Toyota,Tacoma,2011,66653,1203
AUTOMOVIL,Honda,Civic,2022,58255,4
AUTOMOVIL,Kia,Cerato,2012,55242,5
CAMIONETA,Chevrolet,Silverado,2023,70844,1344
AUTOMOVIL,Nissan,Versa,2013,55831,4
AUTOMOVIL,Chevrolet,Cruze,2024,59433,5
CAMIONETA,Toyota,Tacoma,2014,68420,1485
AUTOMOVIL,Honda,Civic,2025,60022,4
AUTOMOVIL,Kia,Cerato,2015,57009,5
CAMIONETA,Chevrolet,Silverado,2005,65996,1626
AUTOMOVIL,Nissan,Versa,2016,57598,4
AUTOMOVIL,Chevrolet,Cruze,2006,54585,5
CAMIONETA,Toyota,Tacoma,2017,70187,1767
AUTOMOVIL,Honda,Civic,2007,13174,4
AUTOMOVIL,Kia,Cerato,2018,16776,5
CAMIONETA,Chevrolet,Silverado,2008,25763,758
AUTOMOVIL,Nissan,Versa,2019,17365,4
AUTOMOVIL,Chevrolet,Cruze,2009,14352,5
CAMIONETA,Toyota,Tacoma,2020,29954,899
AUTOMOVIL,Honda,Civic,2010,14941,4
AUTOMOVIL,Kia,Cerato,2021,18543,5
CAMIONETA,Chevrolet,Silverado,2011,27530,1040
AUTOMOVIL,Nissan,Versa,2022,19132,4
AUTOMOVIL,Chevrolet,Cruze,2012,16119,5
CAMIONETA,Toyota,Tacoma,2023,31721,1181
AUTOMOVIL,Honda,Civic,2013,16708,4
AUTOMOVIL,Kia,Cerato,2024,20310,5
CAMIONETA,Chevrolet,Silverado,2014,29297,1322
AUTOMOVIL,Nissan,Versa,2025,20899,4
AUTOMOVIL,Chevrolet,Cruze,2015,17886,5
CAMIONETA,Toyota,Tacoma,2005,26873,1463
AUTOMOVIL,Honda,Civic,2016,18475,4
AUTOMOVIL,Kia,Cerato,2006,15462,5
CAMIONETA,Chevrolet,Silverado,2017,31064,1604
AUTOMOVIL,Nissan,Versa,2007,16051,4
AUTOMOVIL,Chevrolet,Cruze,2018,19653,5
CAMIONETA,Toyota,Tacoma,2008,28640,1745
AUTOMOVIL,Honda,Civic,2019,20242,4
AUTOMOVIL,Kia,Cerato,2009,17229,5
CAMIONETA,Chevrolet,Silverado,2020,32831,736
AUTOMOVIL,Nissan,Versa,2010,17818,4
AUTOMOVIL,Chevrolet,Cruze,2021,21420,5
CAMIONETA,Toyota,Tacoma,2011,30407,877
AUTOMOVIL,Honda,Civic,2022,22009,4
AUTOMOVIL,Kia,Cerato,2012,18996,5
CAMIONETA,Chevrolet,Silverado,2023,34598,1018
AUTOMOVIL,Nissan,Versa,2013,19585,4
AUTOMOVIL,Chevrolet,Cruze,2024,23187,5
CAMIONETA,Toyota,Tacoma,2014,32174,1159
AUTOMOVIL,Honda,Civic,2025,23776,4
AUTOMOVIL,Kia,Cerato,2015,20763,5
CAMIONETA,Chevrolet,Silverado,2005,29750,1300
AUTOMOVIL,Nissan,Versa,2016,21352,4
AUTOMOVIL,Chevrolet,Cruze,2006,18339,5
CAMIONETA,Toyota,Tacoma,2017,33941,1441
AUTOMOVIL,Honda,Civic,2007,18928,4
AUTOMOVIL,Kia,Cerato,2018,22530,5
CAMIONETA,Chevrolet,Silverado,2008,31517,1582
AUTOMOVIL,Nissan,Versa,2019,23119,4
AUTOMOVIL,Chevrolet,Cruze,2009,20106,5
CAMIONETA,Toyota,Tacoma,2020,35708,1723
AUTOMOVIL,Honda,Civic,2010,20695,4
AUTOMOVIL,Kia,Cerato,2021,24297,5
CAMIONETA,Chevrolet,Silverado,2011,33284,714
AUTOMOVIL,Nissan,Versa,2022,24886,4
AUTOMOVIL,Chevrolet,Cruze,2012,21873,5
CAMIONETA,Toyota,Tacoma,2023,37475,855
AUTOMOVIL,Honda,Civic,2013,22462,4
AUTOMOVIL,Kia,Cerato,2024,26064,5
CAMIONETA,Chevrolet,Silverado,2014,35051,996
AUTOMOVIL,Nissan,Versa,2025,26653,4
AUTOMOVIL,Chevrolet,Cruze,2015,23640,5
CAMIONETA,Toyota,Tacoma,2005,32627,1137
AUTOMOVIL,Honda,Civic,2016,24229,4
AUTOMOVIL,Kia,Cerato,2006,21216,5
CAMIONETA,Chevrolet,Silverado,2017,36818,1278
AUTOMOVIL,Nissan,Versa,2007,21805,4
AUTOMOVIL,Chevrolet,Cruze,2018,25407,5
CAMIONETA,Toyota,Tacoma,2008,34394,1419
AUTOMOVIL,Honda,Civic,2019,25996,4
AUTOMOVIL,Kia,Cerato,2009,22983,5
CAMIONETA,Chevrolet,Silverado,2020,38585,1560
AUTOMOVIL,Nissan,Versa,2010,23572,4
AUTOMOVIL,Chevrolet,Cruze,2021,27174,5
CAMIONETA,Toyota,Tacoma,2011,36161,1701
AUTOMOVIL,Honda,Civic,2022,27763,4
AUTOMOVIL,Kia,Cerato,2012,24750,5
CAMIONETA,Chevrolet,Silverado,2023,40352,692
AUTOMOVIL,Nissan,Versa,2013,25339,4
AUTOMOVIL,Chevrolet,Cruze,2024,28941,5
CAMIONETA,Toyota,Tacoma,2014,37928,833
AUTOMOVIL,Honda,Civic,2025,29530,4
AUTOMOVIL,Kia,Cerato,2015,26517,5
CAMIONETA,Chevrolet,Silverado,2005,35504,974
AUTOMOVIL,Nissan,Versa,2016,27106,4
AUTOMOVIL,Chevrolet,Cruze,2006,24093,5
CAMIONETA,Toyota,Tacoma,2017,39695,1115
AUTOMOVIL,Honda,Civic,2007,24682,4
AUTOMOVIL,Kia,Cerato,2018,28284,5
CAMIONETA,Chevrolet,Silverado,2008,37271,1256
AUTOMOVIL,Nissan,Versa,2019,28873,4
AUTOMOVIL,Chevrolet,Cruze,2009,25860,5
CAMIONETA,Toyota,Tacoma,2020,41462,1397
AUTOMOVIL,Honda,Civic,2010,26449,4
AUTOMOVIL,Kia,Cerato,2021,30051,5
CAMIONETA,Chevrolet,Silverado,2011,39038,1538
AUTOMOVIL,Nissan,Versa,2022,30640,4
AUTOMOVIL,Chevrolet,Cruze,2012,27627,5
CAMIONETA,Toyota,Tacoma,2023,43229,1679
AUTOMOVIL,Honda,Civic,2013,28216,4
AUTOMOVIL,Kia,Cerato,2024,31818,5
CAMIONETA,Chevrolet,Silverado,2014,40805,670
AUTOMOVIL,Nissan,Versa,2025,32407,4
AUTOMOVIL,Chevrolet,Cruze,2015,29394,5
CAMIONETA,Toyota,Tacoma,2005,38381,811
AUTOMOVIL,Honda,Civic,2016,29983,4
AUTOMOVIL,Kia,Cerato,2006,26970,5
CAMIONETA,Chevrolet,Silverado,2017,42572,952
AUTOMOVIL,Nissan,Versa,2007,27559,4
AUTOMOVIL,Chevrolet,Cruze,2018,31161,5
CAMIONETA,Toyota,Tacoma,2008,40148,1093
AUTOMOVIL,Honda,Civic,2019,31750,4
AUTOMOVIL,Kia,Cerato,2009,28737,5
CAMIONETA,Chevrolet,Silverado,2020,44339,1234
AUTOMOVIL,Nissan,Versa,2010,29326,4
AUTOMOVIL,Chevrolet,Cruze,2021,32928,5
CAMIONETA,Toyota,Tacoma,2011,41915,1375
AUTOMOVIL,Honda,Civic,2022,33517,4
AUTOMOVIL,Kia,Cerato,2012,30504,5
CAMIONETA,Chevrolet,Silverado,2023,46106,1516
AUTOMOVIL,Nissan,Versa,2013,31093,4
AUTOMOVIL,Chevrolet,Cruze,2024,34695,5
CAMIONETA,Toyota,Tacoma,2014,43682,1657
AUTOMOVIL,Honda,Civic,2025,35284,4
AUTOMOVIL,Kia,Cerato,2015,32271,5
CAMIONETA,Chevrolet,Silverado,2005,41258,1798
AUTOMOVIL,Nissan,Versa,2016,32860,4
AUTOMOVIL,Chevrolet,Cruze,2006,29847,5
CAMIONETA,Toyota,Tacoma,2017,45449,789
AUTOMOVIL,Honda,Civic,2007,30436,4
AUTOMOVIL,Kia,Cerato,2018,34038,5
CAMIONETA,Chevrolet,Silverado,2008,43025,930
AUTOMOVIL,Nissan,Versa,2019,34627,4
AUTOMOVIL,Chevrolet,Cruze,2009,31614,5
CAMIONETA,Toyota,Tacoma,2020,47216,1071
AUTOMOVIL,Honda,Civic,2010,32203,4
AUTOMOVIL,Kia,Cerato,2021,35805,5
CAMIONETA,Chevrolet,Silverado,2011,44792,1212
AUTOMOVIL,Nissan,Versa,2022,36394,4
AUTOMOVIL,Chevrolet,Cruze,2012,33381,5
CAMIONETA,Toyota,Tacoma,2023,48983,1353
AUTOMOVIL,Honda,Civic,2013,33970,4
AUTOMOVIL,Kia,Cerato,2024,37572,5
CAMIONETA,Chevrolet,Silverado,2014,46559,1494
AUTOMOVIL,Nissan,Versa,2025,38161,4
AUTOMOVIL,Chevrolet,Cruze,2015,35148,5
CAMIONETA,Toyota,Tacoma,2005,44135,1635
AUTOMOVIL,Honda,Civic,2016,35737,4
AUTOMOVIL,Kia,Cerato,2006,32724,5
CAMIONETA,Chevrolet,Silverado,2017,48326,1776
AUTOMOVIL,Nissan,Versa,2007,33313,4
AUTOMOVIL,Chevrolet,Cruze,2018,36915,5
CAMIONETA,Toyota,Tacoma,2008,45902,767
AUTOMOVIL,Honda,Civic,2019,37504,4
AUTOMOVIL,Kia,Cerato,2009,34491,5
CAMIONETA,Chevrolet,Silverado,2020,50093,908
AUTOMOVIL,Nissan,Versa,2010,35080,4
AUTOMOVIL,Chevrolet,Cruze,2021,38682,5
CAMIONETA,Toyota,Tacoma,2011,47669,1049
AUTOMOVIL,Honda,Civic,2022,39271,4
AUTOMOVIL,Kia,Cerato,2012,36258,5
CAMIONETA,Chevrolet,Silverado,2023,51860,1190
AUTOMOVIL,Nissan,Versa,2013,36847,4
AUTOMOVIL,Chevrolet,Cruze,2024,40449,5
CAMIONETA,Toyota,Tacoma,2014,49436,1331
AUTOMOVIL,Honda,Civic,2025,41038,4
AUTOMOVIL,Kia,Cerato,2015,38025,5
CAMIONETA,Chevrolet,Silverado,2005,47012,1472
AUTOMOVIL,Nissan,Versa,2016,38614,4
AUTOMOVIL,Chevrolet,Cruze,2006,35601,5
CAMIONETA,Toyota,Tacoma,2017,51203,1613
AUTOMOVIL,Honda,Civic,2007,36190,4
AUTOMOVIL,Kia,Cerato,2018,39792,5
CAMIONETA,Chevrolet,Silverado,2008,48779,1754
AUTOMOVIL,Nissan,Versa,2019,40381,4
AUTOMOVIL,Chevrolet,Cruze,2009,37368,5
CAMIONETA,Toyota,Tacoma,2020,52970,745
AUTOMOVIL,Honda,Civic,2010,37957,4
AUTOMOVIL,Kia,Cerato,2021,41559,5
CAMIONETA,Chevrolet,Silverado,2011,50546,886
AUTOMOVIL,Nissan,Versa,2022,42148,4
AUTOMOVIL,Chevrolet,Cruze,2012,39135,5
CAMIONETA,Toyota,Tacoma,2023,54737,1027
AUTOMOVIL,Honda,Civic,2013,39724,4
AUTOMOVIL,Kia,Cerato,2024,43326,5
CAMIONETA,Chevrolet,Silverado,2014,52313,1168
AUTOMOVIL,Nissan,Versa,2025,43915,4
AUTOMOVIL,Chevrolet,Cruze,2015,40902,5
CAMIONETA,Toyota,Tacoma,2005,49889,1309
AUTOMOVIL,Honda,Civic,2016,41491,4
AUTOMOVIL,Kia,Cerato,2006,38478,5
CAMIONETA,Chevrolet,Silverado,2017,54080,1450
AUTOMOVIL,Nissan,Versa,2007,39067,4
AUTOMOVIL,Chevrolet,Cruze,2018,42669,5
CAMIONETA,Toyota,Tacoma,2008,51656,1591
AUTOMOVIL,Honda,Civic,2019,43258,4
AUTOMOVIL,Kia,Cerato,2009,40245,5
CAMIONETA,Chevrolet,Silverado,2020,55847,1732
AUTOMOVIL,Nissan,Versa,2010,40834,4
AUTOMOVIL,Chevrolet,Cruze,2021,44436,5
CAMIONETA,Toyota,Tacoma,2011,53423,723
AUTOMOVIL,Honda,Civic,2022,45025,4
AUTOMOVIL,Kia,Cerato,2012,42012,5
CAMIONETA,Chevrolet,Silverado,2023,57614,864
AUTOMOVIL,Nissan,Versa,2013,42601,4
AUTOMOVIL,Chevrolet,Cruze,2024,46203,5
CAMIONETA,Toyota,Tacoma,2014,55190,1005
AUTOMOVIL,Honda,Civic,2025,46792,4
AUTOMOVIL,Kia,Cerato,2015,43779,5
CAMIONETA,Chevrolet,Silverado,2005,52766,1146
AUTOMOVIL,Nissan,Versa,2016,44368,4
AUTOMOVIL,Chevrolet,Cruze,2006,41355,5
CAMIONETA,Toyota,Tacoma,2017,56957,1287
AUTOMOVIL,Honda,Civic,2007,41944,4
AUTOMOVIL,Kia,Cerato,2018,45546,5
CAMIONETA,Chevrolet,Silverado,2008,54533,1428
AUTOMOVIL,Nissan,Versa,2019,46135,4
AUTOMOVIL,Chevrolet,Cruze,2009,43122,5
CAMIONETA,Toyota,Tacoma,2020,58724,1569
AUTOMOVIL,Honda,Civic,2010,43711,4
AUTOMOVIL,Kia,Cerato,2021,47313,5
CAMIONETA,Chevrolet,Silverado,2011,56300,1710
AUTOMOVIL,Nissan,Versa,2022,47902,4
AUTOMOVIL,Chevrolet,Cruze,2012,44889,5
CAMIONETA,Toyota,Tacoma,2023,60491,701
AUTOMOVIL,Honda,Civic,2013,45478,4
AUTOMOVIL,Kia,Cerato,2024,49080,5
CAMIONETA,Chevrolet,Silverado,2014,58067,842
AUTOMOVIL,Nissan,Versa,2025,49669,4
AUTOMOVIL,Chevrolet,Cruze,2015,46656,5
CAMIONETA,Toyota,Tacoma,2005,55643,983
AUTOMOVIL,Honda,Civic,2016,47245,4
AUTOMOVIL,Kia,Cerato,2006,44232,5
CAMIONETA,Chevrolet,Silverado,2017,59834,1124
AUTOMOVIL,Nissan,Versa,2007,44821,4
AUTOMOVIL,Chevrolet,Cruze,2018,48423,5
CAMIONETA,Toyota,Tacoma,2008,57410,1265
AUTOMOVIL,Honda,Civic,2019,49012,4
AUTOMOVIL,Kia,Cerato,2009,45999,5
CAMIONETA,Chevrolet,Silverado,2020,61601,1406
AUTOMOVIL,Nissan,Versa,2010,46588,4
AUTOMOVIL,Chevrolet,Cruze,2021,50190,5
CAMIONETA,Toyota,Tacoma,2011,59177,1547
AUTOMOVIL,Honda,Civic,2022,50779,4
AUTOMOVIL,Kia,Cerato,2012,47766,5
CAMIONETA,Chevrolet,Silverado,2023,63368,1688
AUTOMOVIL,Nissan,Versa,2013,48355,4
AUTOMOVIL,Chevrolet,Cruze,2024,51957,5
CAMIONETA,Toyota,Tacoma,2014,60944,679
AUTOMOVIL,Honda,Civic,2025,52546,4
AUTOMOVIL,Kia,Cerato,2015,49533,5
CAMIONETA,Chevrolet,Silverado,2005,58520,820
AUTOMOVIL,Nissan,Versa,2016,50122,4
AUTOMOVIL,Chevrolet,Cruze,2006,47109,5
CAMIONETA,Toyota,Tacoma,2017,62711,961
AUTOMOVIL,Honda,Civic,2007,47698,4
AUTOMOVIL,Kia,Cerato,2018,51300,5
CAMIONETA,Chevrolet,Silverado,2008,60287,1102
AUTOMOVIL,Nissan,Versa,2019,51889,4
AUTOMOVIL,Chevrolet,Cruze,2009,48876,5
CAMIONETA,Toyota,Tacoma,2020,64478,1243
AUTOMOVIL,Honda,Civic,2010,49465,4
AUTOMOVIL,Kia,Cerato,2021,53067,5
CAMIONETA,Chevrolet,Silverado,2011,62054,1384
AUTOMOVIL,Nissan,Versa,2022,53656,4
AUTOMOVIL,Chevrolet,Cruze,2012,50643,5
CAMIONETA,Toyota,Tacoma,2023,66245,1525
AUTOMOVIL,Honda,Civic,2013,51232,4
AUTOMOVIL,Kia,Cerato,2024,54834,5
CAMIONETA,Chevrolet,Silverado,2014,63821,1666
AUTOMOVIL,Nissan,Versa,2025,55423,4
AUTOMOVIL,Chevrolet,Cruze,2015,52410,5
CAMIONETA,Toyota,Tacoma,2005,61397,657
AUTOMOVIL,Honda,Civic,2016,52999,4
AUTOMOVIL,Kia,Cerato,2006,49986,5
CAMIONETA,Chevrolet,Silverado,2017,65588,798
AUTOMOVIL,Nissan,Versa,2007,50575,4
AUTOMOVIL,Chevrolet,Cruze,2018,54177,5
CAMIONETA,Toyota,Tacoma,2008,63164,939
AUTOMOVIL,Honda,Civic,2019,54766,4
AUTOMOVIL,Kia,Cerato,2009,51753,5
CAMIONETA,Chevrolet,Silverado,2020,67355,1080
AUTOMOVIL,Nissan,Versa,2010,52342,4
AUTOMOVIL,Chevrolet,Cruze,2021,55944,5
CAMIONETA,Toyota,Tacoma,2011,64931,1221
AUTOMOVIL,Honda,Civic,2022,56533,4
AUTOMOVIL,Kia,Cerato,2012,53520,5
CAMIONETA,Chevrolet,Silverado,2023,69122,1362
AUTOMOVIL,Nissan,Versa,2013,54109,4
AUTOMOVIL,Chevrolet,Cruze,2024,57711,5
CAMIONETA,Toyota,Tacoma,2014,66698,1503
AUTOMOVIL,Honda,Civic,2025,58300,4
AUTOMOVIL,Kia,Cerato,2015,55287,5
CAMIONETA,Chevrolet,Silverado,2005,64274,1644
AUTOMOVIL,Nissan,Versa,2016,55876,4
AUTOMOVIL,Chevrolet,Cruze,2006,52863,5
CAMIONETA,Toyota,Tacoma,2017,68465,1785
AUTOMOVIL,Honda,Civic,2007,53452,4
AUTOMOVIL,Kia,Cerato,2018,57054,5
CAMIONETA,Chevrolet,Silverado,2008,66041,776
AUTOMOVIL,Nissan,Versa,2019,57643,4
AUTOMOVIL,Chevrolet,Cruze,2009,54630,5
CAMIONETA,Toyota,Tacoma,2020,70232,917
AUTOMOVIL,Honda,Civic,2010,55219,4
AUTOMOVIL,Kia,Cerato,2021,58821,5
CAMIONETA,Chevrolet,Silverado,2011,67808,1058
AUTOMOVIL,Nissan,Versa,2022,59410,4
AUTOMOVIL,Chevrolet,Cruze,2012,56397,5
CAMIONETA,Toyota,Tacoma,2023,71999,1199
AUTOMOVIL,Honda,Civic,2013,56986,4
AUTOMOVIL,Kia,Cerato,2024,18588,5
CAMIONETA,Chevrolet,Silverado,2014,27575,1340
AUTOMOVIL,Nissan,Versa,2025,19177,4
AUTOMOVIL,Chevrolet,Cruze,2015,16164,5
CAMIONETA,Toyota,Tacoma,2005,25151,1481
AUTOMOVIL,Honda,Civic,2016,16753,4
AUTOMOVIL,Kia,Cerato,2006,13740,5
CAMIONETA,Chevrolet,Silverado,2017,29342,1622
AUTOMOVIL,Nissan,Versa,2007,14329,4
AUTOMOVIL,Chevrolet,Cruze,2018,17931,5
CAMIONETA,Toyota,Tacoma,2008,26918,1763
AUTOMOVIL,Honda,Civic,2019,18520,4
AUTOMOVIL,Kia,Cerato,2009,15507,5
CAMIONETA,Chevrolet,Silverado,2020,31109,754
AUTOMOVIL,Nissan,Versa,2010,16096,4
AUTOMOVIL,Chevrolet,Cruze,2021,19698,5
CAMIONETA,Toyota,Tacoma,2011,28685,895
AUTOMOVIL,Honda,Civic,2022,20287,4
AUTOMOVIL,Kia,Cerato,2012,17274,5
CAMIONETA,Chevrolet,Silverado,2023,32876,1036
AUTOMOVIL,Nissan,Versa,2013,17863,4
AUTOMOVIL,Chevrolet,Cruze,2024,21465,5
CAMIONETA,Toyota,Tacoma,2014,30452,1177
AUTOMOVIL,Honda,Civic,2025,22054,4
AUTOMOVIL,Kia,Cerato,2015,19041,5
CAMIONETA,Chevrolet,Silverado,2005,28028,1318
AUTOMOVIL,Nissan,Versa,2016,19630,4
AUTOMOVIL,Chevrolet,Cruze,2006,16617,5
CAMIONETA,Toyota,Tacoma,2017,32219,1459
AUTOMOVIL,Honda,Civic,2007,17206,4
AUTOMOVIL,Kia,Cerato,2018,20808,5
CAMIONETA,Chevrolet,Silverado,2008,29795,1600
AUTOMOVIL,Nissan,Versa,2019,21397,4
AUTOMOVIL,Chevrolet,Cruze,2009,18384,5
CAMIONETA,Toyota,Tacoma,2020,33986,1741
AUTOMOVIL,Honda,Civic,2010,18973,4
AUTOMOVIL,Kia,Cerato,2021,22575,5
CAMIONETA,Chevrolet,Silverado,2011,31562,732
AUTOMOVIL,Nissan,Versa,2022,23164,4
AUTOMOVIL,Chevrolet,Cruze,2012,20151,5
CAMIONETA,Toyota,Tacoma,2023,35753,873
AUTOMOVIL,Honda,Civic,2013,20740,4
AUTOMOVIL,Kia,Cerato,2024,24342,5
CAMIONETA,Chevrolet,Silverado,2014,33329,1014
AUTOMOVIL,Nissan,Versa,2025,24931,4
AUTOMOVIL,Chevrolet,Cruze,2015,21918,5
CAMIONETA,Toyota,Tacoma,2005,30905,1155
AUTOMOVIL,Honda,Civic,2016,22507,4
AUTOMOVIL,Kia,Cerato,2006,19494,5
CAMIONETA,Chevrolet,Silverado,2017,35096,1296
AUTOMOVIL,Nissan,Versa,2007,20083,4
AUTOMOVIL,Chevrolet,Cruze,2018,23685,5
CAMIONETA,Toyota,Tacoma,2008,32672,1437
AUTOMOVIL,Honda,Civic,2019,24274,4
AUTOMOVIL,Kia,Cerato,2009,21261,5
CAMIONETA,Chevrolet,Silverado,2020,36863,1578
AUTOMOVIL,Nissan,Versa,2010,21850,4
AUTOMOVIL,Chevrolet,Cruze,2021,25452,5
CAMIONETA,Toyota,Tacoma,2011,34439,1719
AUTOMOVIL,Honda,Civic,2022,26041,4
AUTOMOVIL,Kia,Cerato,2012,23028,5
CAMIONETA,Chevrolet,Silverado,2023,38630,710
AUTOMOVIL,Nissan,Versa,2013,23617,4
AUTOMOVIL,Chevrolet,Cruze,2024,27219,5
CAMIONETA,Toyota,Tacoma,2014,36206,851
AUTOMOVIL,Honda,Civic,2025,27808,4
AUTOMOVIL,Kia,Cerato,2015,24795,5
CAMIONETA,Chevrolet,Silverado,2005,33782,992
AUTOMOVIL,Nissan,Versa,2016,25384,4
AUTOMOVIL,Chevrolet,Cruze,2006,22371,5
CAMIONETA,Toyota,Tacoma,2017,37973,1133
AUTOMOVIL,Honda,Civic,2007,22960,4
AUTOMOVIL,Kia,Cerato,2018,26562,5
CAMIONETA,Chevrolet,Silverado,2008,35549,1274
AUTOMOVIL,Nissan,Versa,2019,27151,4
AUTOMOVIL,Chevrolet,Cruze,2009,24138,5
CAMIONETA,Toyota,Tacoma,2020,39740,1415
AUTOMOVIL,Honda,Civic,2010,24727,4
AUTOMOVIL,Kia,Cerato,2021,28329,5
CAMIONETA,Chevrolet,Silverado,2011,37316,1556
AUTOMOVIL,Nissan,Versa,2022,28918,4
AUTOMOVIL,Chevrolet,Cruze,2012,25905,5
CAMIONETA,Toyota,Tacoma,2023,41507,1697
AUTOMOVIL,Honda,Civic,2013,26494,4
AUTOMOVIL,Kia,Cerato,2024,30096,5
CAMIONETA,Chevrolet,Silverado,2014,39083,688
AUTOMOVIL,Nissan,Versa,2025,30685,4
AUTOMOVIL,Chevrolet,Cruze,2015,27672,5
CAMIONETA,Toyota,Tacoma,2005,36659,829
AUTOMOVIL,Honda,Civic,2016,28261,4
AUTOMOVIL,Kia,Cerato,2006,25248,5
CAMIONETA,Chevrolet,Silverado,2017,40850,970
AUTOMOVIL,Nissan,Versa,2007,25837,4
AUTOMOVIL,Chevrolet,Cruze,2018,29439,5
CAMIONETA,Toyota,Tacoma,2008,38426,1111
AUTOMOVIL,Honda,Civic,2019,30028,4
AUTOMOVIL,Kia,Cerato,2009,27015,5
CAMIONETA,Chevrolet,Silverado,2020,42617,1252
AUTOMOVIL,Nissan,Versa,2010,27604,4
AUTOMOVIL,Chevrolet,Cruze,2021,31206,5
CAMIONETA,Toyota,Tacoma,2011,40193,1393
AUTOMOVIL,Honda,Civic,2022,31795,4
AUTOMOVIL,Kia,Cerato,2012,28782,5
CAMIONETA,Chevrolet,Silverado,2023,44384,1534
AUTOMOVIL,Nissan,Versa,2013,29371,4
AUTOMOVIL,Chevrolet,Cruze,2024,32973,5
CAMIONETA,Toyota,Tacoma,2014,41960,1675
AUTOMOVIL,Honda,Civic,2025,33562,4
AUTOMOVIL,Kia,Cerato,2015,30549,5
CAMIONETA,Chevrolet,Silverado,2005,39536,666
AUTOMOVIL,Nissan,Versa,2016,31138,4
AUTOMOVIL,Chevrolet,Cruze,2006,28125,5
CAMIONETA,Toyota,Tacoma,2017,43727,807
AUTOMOVIL,Honda,Civic,2007,28714,4
AUTOMOVIL,Kia,Cerato,2018,32316,5
CAMIONETA,Chevrolet,Silverado,2008,41303,948
AUTOMOVIL,Nissan,Versa,2019,32905,4
AUTOMOVIL,Chevrolet,Cruze,2009,29892,5
CAMIONETA,Toyota,Tacoma,2020,45494,1089
AUTOMOVIL,Honda,Civic,2010,30481,4
AUTOMOVIL,Kia,Cerato,2021,34083,5
CAMIONETA,Chevrolet,Silverado,2011,43070,1230
AUTOMOVIL,Nissan,Versa,2022,34672,4
AUTOMOVIL,Chevrolet,Cruze,2012,31659,5
CAMIONETA,Toyota,Tacoma,2023,47261,1371
AUTOMOVIL,Honda,Civic,2013,32248,4
AUTOMOVIL,Kia,Cerato,2024,35850,5
CAMIONETA,Chevrolet,Silverado,2014,44837,1512
AUTOMOVIL,Nissan,Versa,2025,36439,4
AUTOMOVIL,Chevrolet,Cruze,2015,33426,5
CAMIONETA,Toyota,Tacoma,2005,42413,1653
AUTOMOVIL,Honda,Civic,2016,34015,4
AUTOMOVIL,Kia,Cerato,2006,31002,5
CAMIONETA,Chevrolet,Silverado,2017,46604,1794
AUTOMOVIL,Nissan,Versa,2007,31591,4
AUTOMOVIL,Chevrolet,Cruze,2018,35193,5
CAMIONETA,Toyota,Tacoma,2008,44180,785
AUTOMOVIL,Honda,Civic,2019,35782,4
AUTOMOVIL,Kia,Cerato,2009,32769,5
CAMIONETA,Chevrolet,Silverado,2020,48371,926
AUTOMOVIL,Nissan,Versa,2010,33358,4
AUTOMOVIL,Chevrolet,Cruze,2021,36960,5
CAMIONETA,Toyota,Tacoma,2011,45947,1067
AUTOMOVIL,Honda,Civic,2022,37549,4
AUTOMOVIL,Kia,Cerato,2012,34536,5
CAMIONETA,Chevrolet,Silverado,2023,50138,1208
AUTOMOVIL,Nissan,Versa,2013,35125,4
AUTOMOVIL,Chevrolet,Cruze,2024,38727,5
CAMIONETA,Toyota,Tacoma,2014,47714,1349
AUTOMOVIL,Honda,Civic,2025,39316,4
AUTOMOVIL,Kia,Cerato,2015,36303,5
CAMIONETA,Chevrolet,Silverado,2005,45290,1490
AUTOMOVIL,Nissan,Versa,2016,36892,4
AUTOMOVIL,Chevrolet,Cruze,2006,33879,5
CAMIONETA,Toyota,Tacoma,2017,49481,1631
AUTOMOVIL,Honda,Civic,2007,34468,4
AUTOMOVIL,Kia,Cerato,2018,38070,5
CAMIONETA,Chevrolet,Silverado,2008,47057,1772
AUTOMOVIL,Nissan,Versa,2019,38659,4
AUTOMOVIL,Chevrolet,Cruze,2009,35646,5
CAMIONETA,Toyota,Tacoma,2020,51248,763
AUTOMOVIL,Honda,Civic,2010,36235,4
AUTOMOVIL,Kia,Cerato,2021,39837,5
CAMIONETA,Chevrolet,Silverado,2011,48824,904
AUTOMOVIL,Nissan,Versa,2022,40426,4
AUTOMOVIL,Chevrolet,Cruze,2012,37413,5
CAMIONETA,Toyota,Tacoma,2023,53015,1045
AUTOMOVIL,Honda,Civic,2013,38002,4
AUTOMOVIL,Kia,Cerato,2024,41604,5
CAMIONETA,Chevrolet,Silverado,2014,50591,1186
AUTOMOVIL,Nissan,Versa,2025,42193,4
AUTOMOVIL,Chevrolet,Cruze,2015,39180,5
CAMIONETA,Toyota,Tacoma,2005,48167,1327
AUTOMOVIL,Honda,Civic,2016,39769,4
AUTOMOVIL,Kia,Cerato,2006,36756,5
CAMIONETA,Chevrolet,Silverado,2017,52358,1468
AUTOMOVIL,Nissan,Versa,2007,37345,4
AUTOMOVIL,Chevrolet,Cruze,2018,40947,5
CAMIONETA,Toyota,Tacoma,2008,49934,1609
AUTOMOVIL,Honda,Civic,2019,41536,4
AUTOMOVIL,Kia,Cerato,2009,38523,5
CAMIONETA,Chevrolet,Silverado,2020,54125,1750
AUTOMOVIL,Nissan,Versa,2010,39112,4
AUTOMOVIL,Chevrolet,Cruze,2021,42714,5
CAMIONETA,Toyota,Tacoma,2011,51701,741
AUTOMOVIL,Honda,Civic,2022,43303,4
AUTOMOVIL,Kia,Cerato,2012,40290,5
CAMIONETA,Chevrolet,Silverado,2023,55892,882
AUTOMOVIL,Nissan,Versa,2013,40879,4
AUTOMOVIL,Chevrolet,Cruze,2024,44481,5
CAMIONETA,Toyota,Tacoma,2014,53468,1023
AUTOMOVIL,Honda,Civic,2025,45070,4
AUTOMOVIL,Kia,Cerato,2015,42057,5
CAMIONETA,Chevrolet,Silverado,2005,51044,1164
AUTOMOVIL,Nissan,Versa,2016,42646,4
AUTOMOVIL,Chevrolet,Cruze,2006,39633,5
CAMIONETA,Toyota,Tacoma,2017,55235,1305
AUTOMOVIL,Honda,Civic,2007,40222,4
AUTOMOVIL,Kia,Cerato,2018,43824,5
CAMIONETA,Chevrolet,Silverado,2008,52811,1446
AUTOMOVIL,Nissan,Versa,2019,44413,4
AUTOMOVIL,Chevrolet,Cruze,2009,41400,5
CAMIONETA,Toyota,Tacoma,2020,57002,1587
AUTOMOVIL,Honda,Civic,2010,41989,4
AUTOMOVIL,Kia,Cerato,2021,45591,5
CAMIONETA,Chevrolet,Silverado,2011,54578,1728
AUTOMOVIL,Nissan,Versa,2022,46180,4
AUTOMOVIL,Chevrolet,Cruze,2012,43167,5
CAMIONETA,Toyota,Tacoma,2023,58769,719
AUTOMOVIL,Honda,Civic,2013,43756,4
AUTOMOVIL,Kia,Cerato,2024,47358,5
CAMIONETA,Chevrolet,Silverado,2014,56345,860
AUTOMOVIL,Nissan,Versa,2025,47947,4
AUTOMOVIL,Chevrolet,Cruze,2015,44934,5
CAMIONETA,Toyota,Tacoma,2005,53921,1001
AUTOMOVIL,Honda,Civic,2016,45523,4
AUTOMOVIL,Kia,Cerato,2006,42510,5
CAMIONETA,Chevrolet,Silverado,2017,58112,1142
AUTOMOVIL,Nissan,Versa,2007,43099,4
AUTOMOVIL,Chevrolet,Cruze,2018,46701,5
CAMIONETA,Toyota,Tacoma,2008,55688,1283
AUTOMOVIL,Honda,Civic,2019,47290,4
AUTOMOVIL,Kia,Cerato,2009,44277,5
CAMIONETA,Chevrolet,Silverado,2020,59879,1424
AUTOMOVIL,Nissan,Versa,2010,44866,4
AUTOMOVIL,Chevrolet,Cruze,2021,48468,5
CAMIONETA,Toyota,Tacoma,2011,57455,1565
AUTOMOVIL,Honda,Civic,2022,49057,4
AUTOMOVIL,Kia,Cerato,2012,46044,5
CAMIONETA,Chevrolet,Silverado,2023,61646,1706
AUTOMOVIL,Nissan,Versa,2013,46633,4
AUTOMOVIL,Chevrolet,Cruze,2024,50235,5
CAMIONETA,Toyota,Tacoma,2014,59222,697
AUTOMOVIL,Honda,Civic,2025,50824,4
AUTOMOVIL,Kia,Cerato,2015,47811,5
CAMIONETA,Chevrolet,Silverado,2005,56798,838
AUTOMOVIL,Nissan,Versa,2016,48400,4
AUTOMOVIL,Chevrolet,Cruze,2006,45387,5
CAMIONETA,Toyota,Tacoma,2017,60989,979
AUTOMOVIL,Honda,Civic,2007,45976,4
AUTOMOVIL,Kia,Cerato,2018,49578,5
CAMIONETA,Chevrolet,Silverado,2008,58565,1120
AUTOMOVIL,Nissan,Versa,2019,50167,4
AUTOMOVIL,Chevrolet,Cruze,2009,47154,5
CAMIONETA,Toyota,Tacoma,2020,62756,1261
AUTOMOVIL,Honda,Civic,2010,47743,4
AUTOMOVIL,Kia,Cerato,2021,51345,5
CAMIONETA,Chevrolet,Silverado,2011,60332,1402
AUTOMOVIL,Nissan,Versa,2022,51934,4
AUTOMOVIL,Chevrolet,Cruze,2012,48921,5
CAMIONETA,Toyota,Tacoma,2023,64523,1543
AUTOMOVIL,Honda,Civic,2013,49510,4
AUTOMOVIL,Kia,Cerato,2024,53112,5
CAMIONETA,Chevrolet,Silverado,2014,62099,1684
AUTOMOVIL,Nissan,Versa,2025,53701,4
AUTOMOVIL,Chevrolet,Cruze,2015,50688,5
CAMIONETA,Toyota,Tacoma,2005,59675,675
AUTOMOVIL,Honda,Civic,2016,51277,4
AUTOMOVIL,Kia,Cerato,2006,48264,5
CAMIONETA,Chevrolet,Silverado,2017,63866,816
AUTOMOVIL,Nissan,Versa,2007,48853,4
AUTOMOVIL,Chevrolet,Cruze,2018,52455,5
CAMIONETA,Toyota,Tacoma,2008,61442,957
AUTOMOVIL,Honda,Civic,2019,53044,4
AUTOMOVIL,Kia,Cerato,2009,50031,5
CAMIONETA,Chevrolet,Silverado,2020,65633,1098
AUTOMOVIL,Nissan,Versa,2010,50620,4
AUTOMOVIL,Chevrolet,Cruze,2021,54222,5
CAMIONETA,Toyota,Tacoma,2011,63209,1239
AUTOMOVIL,Honda,Civic,2022,54811,4
AUTOMOVIL,Kia,Cerato,2012,51798,5
CAMIONETA,Chevrolet,Silverado,2023,67400,1380
AUTOMOVIL,Nissan,Versa,2013,52387,4
AUTOMOVIL,Chevrolet,Cruze,2024,55989,5
CAMIONETA,Toyota,Tacoma,2014,64976,1521
AUTOMOVIL,Honda,Civic,2025,56578,4
AUTOMOVIL,Kia,Cerato,2015,53565,5
CAMIONETA,Chevrolet,Silverado,2005,62552,1662
AUTOMOVIL,Nissan,Versa,2016,54154,4
AUTOMOVIL,Chevrolet,Cruze,2006,51141,5
CAMIONETA,Toyota,Tacoma,2017,66743,653
AUTOMOVIL,Honda,Civic,2007,51730,4
AUTOMOVIL,Kia,Cerato,2018,55332,5
CAMIONETA,Chevrolet,Silverado,2008,64319,794
AUTOMOVIL,Nissan,Versa,2019,55921,4
AUTOMOVIL,Chevrolet,Cruze,2009,52908,5
CAMIONETA,Toyota,Tacoma,2020,68510,935
AUTOMOVIL,Honda,Civic,2010,53497,4
AUTOMOVIL,Kia,Cerato,2021,57099,5
CAMIONETA,Chevrolet,Silverado,2011,66086,1076
AUTOMOVIL,Nissan,Versa,2022,57688,4
AUTOMOVIL,Chevrolet,Cruze,2012,54675,5
CAMIONETA,Toyota,Tacoma,2023,70277,1217
AUTOMOVIL,Honda,Civic,2013,55264,4
AUTOMOVIL,Kia,Cerato,2024,58866,5
CAMIONETA,Chevrolet,Silverado,2014,67853,1358
AUTOMOVIL,Nissan,Versa,2025,59455,4
AUTOMOVIL,Chevrolet,Cruze,2015,56442,5
CAMIONETA,Toyota,Tacoma,2005,65429,1499
AUTOMOVIL,Honda,Civic,2016,57031,4
AUTOMOVIL,Kia,Cerato,2006,54018,5
CAMIONETA,Chevrolet,Silverado,2017,69620,1640
AUTOMOVIL,Nissan,Versa,2007,54607,4
AUTOMOVIL,Chevrolet,Cruze,2018,58209,5
CAMIONETA,Toyota,Tacoma,2008,67196,1781
AUTOMOVIL,Honda,Civic,2019,58798,4
AUTOMOVIL,Kia,Cerato,2009,13785,5
CAMIONETA,Chevrolet,Silverado,2020,29387,772
AUTOMOVIL,Nissan,Versa,2010,14374,4
AUTOMOVIL,Chevrolet,Cruze,2021,17976,5
CAMIONETA,Toyota,Tacoma,2011,26963,913
AUTOMOVIL,Honda,Civic,2022,18565,4
AUTOMOVIL,Kia,Cerato,2012,15552,5
CAMIONETA,Chevrolet,Silverado,2023,31154,1054
AUTOMOVIL,Nissan,Versa,2013,16141,4
AUTOMOVIL,Chevrolet,Cruze,2024,19743,5
CAMIONETA,Toyota,Tacoma,2014,28730,1195
AUTOMOVIL,Honda,Civic,2025,20332,4
AUTOMOVIL,Kia,Cerato,2015,17319,5
CAMIONETA,Chevrolet,Silverado,2005,26306,1336
AUTOMOVIL,Nissan,Versa,2016,17908,4
AUTOMOVIL,Chevrolet,Cruze,2006,14895,5
CAMIONETA,Toyota,Tacoma,2017,30497,1477
AUTOMOVIL,Honda,Civic,2007,15484,4
AUTOMOVIL,Kia,Cerato,2018,19086,5
CAMIONETA,Chevrolet,Silverado,2008,28073,1618
AUTOMOVIL,Nissan,Versa,2019,19675,4
AUTOMOVIL,Chevrolet,Cruze,2009,16662,5
CAMIONETA,Toyota,Tacoma,2020,32264,1759
AUTOMOVIL,Honda,Civic,2010,17251,4
AUTOMOVIL,Kia,Cerato,2021,20853,5
CAMIONETA,Chevrolet,Silverado,2011,29840,750
AUTOMOVIL,Nissan,Versa,2022,21442,4
AUTOMOVIL,Chevrolet,Cruze,2012,18429,5
CAMIONETA,Toyota,Tacoma,2023,34031,891
AUTOMOVIL,Honda,Civic,2013,19018,4
AUTOMOVIL,Kia,Cerato,2024,22620,5
CAMIONETA,Chevrolet,Silverado,2014,31607,1032
AUTOMOVIL,Nissan,Versa,2025,23209,4
AUTOMOVIL,Chevrolet,Cruze,2015,20196,5
CAMIONETA,Toyota,Tacoma,2005,29183,1173
AUTOMOVIL,Honda,Civic,2016,20785,4
AUTOMOVIL,Kia,Cerato,2006,17772,5
CAMIONETA,Chevrolet,Silverado,2017,33374,1314
AUTOMOVIL,Nissan,Versa,2007,18361,4
AUTOMOVIL,Chevrolet,Cruze,2018,21963,5
CAMIONETA,Toyota,Tacoma,2008,30950,1455
AUTOMOVIL,Honda,Civic,2019,22552,4
AUTOMOVIL,Kia,Cerato,2009,19539,5
CAMIONETA,Chevrolet,Silverado,2020,35141,1596
AUTOMOVIL,Nissan,Versa,2010,20128,4
AUTOMOVIL,Chevrolet,Cruze,2021,23730,5
CAMIONETA,Toyota,Tacoma,2011,32717,1737
AUTOMOVIL,Honda,Civic,2022,24319,4
AUTOMOVIL,Kia,Cerato,2012,21306,5
CAMIONETA,Chevrolet,Silverado,2023,36908,728
AUTOMOVIL,Nissan,Versa,2013,21895,4
AUTOMOVIL,Chevrolet,Cruze,2024,25497,5
CAMIONETA,Toyota,Tacoma,2014,34484,869
AUTOMOVIL,Honda,Civic,2025,26086,4
AUTOMOVIL,Kia,Cerato,2015,23073,5
CAMIONETA,Chevrolet,Silverado,2005,32060,1010
AUTOMOVIL,Nissan,Versa,2016,23662,4
AUTOMOVIL,Chevrolet,Cruze,2006,20649,5
CAMIONETA,Toyota,Tacoma,2017,36251,1151
AUTOMOVIL,Honda,Civic,2007,21238,4
AUTOMOVIL,Kia,Cerato,2018,24840,5
CAMIONETA,Chevrolet,Silverado,2008,33827,1292
AUTOMOVIL,Nissan,Versa,2019,25429,4
AUTOMOVIL,Chevrolet,Cruze,2009,22416,5
CAMIONETA,Toyota,Tacoma,2020,38018,1433
AUTOMOVIL,Honda,Civic,2010,23005,4
AUTOMOVIL,Kia,Cerato,2021,26607,5
CAMIONETA,Chevrolet,Silverado,2011,35594,1574
AUTOMOVIL,Nissan,Versa,2022,27196,4
AUTOMOVIL,Chevrolet,Cruze,2012,24183,5
CAMIONETA,Toyota,Tacoma,2023,39785,1715
AUTOMOVIL,Honda,Civic,2013,24772,4
AUTOMOVIL,Kia,Cerato,2024,28374,5
CAMIONETA,Chevrolet,Silverado,2014,37361,706
AUTOMOVIL,Nissan,Versa,2025,28963,4
AUTOMOVIL,Chevrolet,Cruze,2015,25950,5
CAMIONETA,Toyota,Tacoma,2005,34937,847
AUTOMOVIL,Honda,Civic,2016,26539,4
AUTOMOVIL,Kia,Cerato,2006,23526,5
CAMIONETA,Chevrolet,Silverado,2017,39128,988
AUTOMOVIL,Nissan,Versa,2007,24115,4
AUTOMOVIL,Chevrolet,Cruze,2018,27717,5
CAMIONETA,Toyota,Tacoma,2008,36704,1129
AUTOMOVIL,Honda,Civic,2019,28306,4
AUTOMOVIL,Kia,Cerato,2009,25293,5
CAMIONETA,Chevrolet,Silverado,2020,40895,1270
AUTOMOVIL,Nissan,Versa,2010,25882,4
AUTOMOVIL,Chevrolet,Cruze,2021,29484,5
CAMIONETA,Toyota,Tacoma,2011,38471,1411
AUTOMOVIL,Honda,Civic,2022,30073,4
AUTOMOVIL,Kia,Cerato,2012,27060,5
CAMIONETA,Chevrolet,Silverado,2023,42662,1552
AUTOMOVIL,Nissan,Versa,2013,27649,4
AUTOMOVIL,Chevrolet,Cruze,2024,31251,5
CAMIONETA,Toyota,Tacoma,2014,40238,1693
AUTOMOVIL,Honda,Civic,2025,31840,4
AUTOMOVIL,Kia,Cerato,2015,28827,5
CAMIONETA,Chevrolet,Silverado,2005,37814,684
AUTOMOVIL,Nissan,Versa,2016,29416,4
AUTOMOVIL,Chevrolet,Cruze,2006,26403,5
CAMIONETA,Toyota,Tacoma,2017,42005,825
AUTOMOVIL,Honda,Civic,2007,26992,4
AUTOMOVIL,Kia,Cerato,2018,30594,5
CAMIONETA,Chevrolet,Silverado,2008,39581,966
AUTOMOVIL,Nissan,Versa,2019,31183,4
AUTOMOVIL,Chevrolet,Cruze,2009,28170,5
CAMIONETA,Toyota,Tacoma,2020,43772,1107
AUTOMOVIL,Honda,Civic,2010,28759,4
AUTOMOVIL,Kia,Cerato,2021,32361,5
CAMIONETA,Chevrolet,Silverado,2011,41348,1248
AUTOMOVIL,Nissan,Versa,2022,32950,4
AUTOMOVIL,Chevrolet,Cruze,2012,29937,5
CAMIONETA,Toyota,Tacoma,2023,45539,1389
AUTOMOVIL,Honda,Civic,2013,30526,4
AUTOMOVIL,Kia,Cerato,2024,34128,5
CAMIONETA,Chevrolet,Silverado,2014,43115,1530
AUTOMOVIL,Nissan,Versa,2025,34717,4
AUTOMOVIL,Chevrolet,Cruze,2015,31704,5
CAMIONETA,Toyota,Tacoma,2005,40691,1671
AUTOMOVIL,Honda,Civic,2016,32293,4
AUTOMOVIL,Kia,Cerato,2006,29280,5
CAMIONETA,Chevrolet,Silverado,2017,44882,662
AUTOMOVIL,Nissan,Versa,2007,29869,4
AUTOMOVIL,Chevrolet,Cruze,2018,33471,5
CAMIONETA,Toyota,Tacoma,2008,42458,803
AUTOMOVIL,Honda,Civic,2019,34060,4
AUTOMOVIL,Kia,Cerato,2009,31047,5
CAMIONETA,Chevrolet,Silverado,2020,46649,944
AUTOMOVIL,Nissan,Versa,2010,31636,4
AUTOMOVIL,Chevrolet,Cruze,2021,35238,5
CAMIONETA,Toyota,Tacoma,2011,44225,1085
AUTOMOVIL,Honda,Civic,2022,35827,4
AUTOMOVIL,Kia,Cerato,2012,32814,5
CAMIONETA,Chevrolet,Silverado,2023,48416,1226
AUTOMOVIL,Nissan,Versa,2013,33403,4
AUTOMOVIL,Chevrolet,Cruze,2024,37005,5
CAMIONETA,Toyota,Tacoma,2014,45992,1367
AUTOMOVIL,Honda,Civic,2025,37594,4
AUTOMOVIL,Kia,Cerato,2015,34581,5
CAMIONETA,Chevrolet,Silverado,2005,43568,1508
AUTOMOVIL,Nissan,Versa,2016,35170,4
AUTOMOVIL,Chevrolet,Cruze,2006,32157,5
CAMIONETA,Toyota,Tacoma,2017,47759,1649
AUTOMOVIL,Honda,Civic,2007,32746,4
AUTOMOVIL,Kia,Cerato,2018,36348,5
CAMIONETA,Chevrolet,Silverado,2008,45335,1790
AUTOMOVIL,Nissan,Versa,2019,36937,4
AUTOMOVIL,Chevrolet,Cruze,2009,33924,5
CAMIONETA,Toyota,Tacoma,2020,49526,781
AUTOMOVIL,Honda,Civic,2010,34513,4
AUTOMOVIL,Kia,Cerato,2021,38115,5
CAMIONETA,Chevrolet,Silverado,2011,47102,922
AUTOMOVIL,Nissan,Versa,2022,38704,4
AUTOMOVIL,Chevrolet,Cruze,2012,35691,5
CAMIONETA,Toyota,Tacoma,2023,51293,1063
AUTOMOVIL,Honda,Civic,2013,36280,4
AUTOMOVIL,Kia,Cerato,2024,39882,5
CAMIONETA,Chevrolet,Silverado,2014,48869,1204
AUTOMOVIL,Nissan,Versa,2025,40471,4
AUTOMOVIL,Chevrolet,Cruze,2015,37458,5
CAMIONETA,Toyota,Tacoma,2005,46445,1345
AUTOMOVIL,Honda,Civic,2016,38047,4
AUTOMOVIL,Kia,Cerato,2006,35034,5
CAMIONETA,Chevrolet,Silverado,2017,50636,1486
AUTOMOVIL,Nissan,Versa,2007,35623,4
AUTOMOVIL,Chevrolet,Cruze,2018,39225,5
CAMIONETA,Toyota,Tacoma,2008,48212,1627
AUTOMOVIL,Honda,Civic,2019,39814,4
AUTOMOVIL,Kia,Cerato,2009,36801,5
CAMIONETA,Chevrolet,Silverado,2020,52403,1768
AUTOMOVIL,Nissan,Versa,2010,37390,4
AUTOMOVIL,Chevrolet,Cruze,2021,40992,5
CAMIONETA,Toyota,Tacoma,2011,49979,759
AUTOMOVIL,Honda,Civic,2022,41581,4
AUTOMOVIL,Kia,Cerato,2012,38568,5
